[{"model": "auth.user", "fields": {"password": "pbkdf2_sha256$870000$jIQNDWAS8EAp6RQdU0ICEH$/9WiBUNDyUVdkCa1CEN2O0oxRADQ5rufHuWJx7PQmWs=", "last_login": "2026-02-23T10:20:14.250Z", "is_superuser": true, "username": "Sharykhan", "first_name": "", "last_name": "", "email": "shahriyarkhanpk1@gmail.com", "is_staff": true, "is_active": true, "date_joined": "2024-12-26T03:52:45Z", "groups": [], "user_permissions": []}}, {"model": "auth.user", "fields": {"password": "pbkdf2_sha256$870000$sxaYhaxMjhUK7hPUcUk3un$+YlQ6WpZ1ccliJeQsQX3/Z1Fwy5+8BdX2WlZFOIkrh0=", "last_login": null, "is_superuser": false, "username": "123khan", "first_name": "", "last_name": "", "email": "ali@abasyn.edu.pk.com", "is_staff": false, "is_active": true, "date_joined": "2025-02-25T06:23:23.240Z", "groups": [], "user_permissions": []}}, {"model": "auth.user", "fields": {"password": "pbkdf2_sha256$870000$QPN3L21wv9OTXHjSEZlyYt$7BTQz6mA7bO4nDQSYESna/NzaK3fv2bPclZQ0xzgacs=", "last_login": null, "is_superuser": false, "username": "123kkkk", "first_name": "", "last_name": "", "email": "a@ggg.com", "is_staff": false, "is_active": true, "date_joined": "2025-02-25T06:24:46.111Z", "groups": [], "user_permissions": []}}, {"model": "sessions.session", "pk": "0w3pd0ulb88qb8is5ss0t0z94d9dyq86", "fields": {"session_data": ".eJxVjDsOwjAQBe_iGlne-BtKes5grb1rEkC2FCcV4u4QKQW0b2beS0Tc1ilunZc4kzgLGMTpd0yYH1x3QnestyZzq-syJ7kr8qBdXhvx83K4fwcT9ulbO-agykgBbSmYQFtjiCCPTrMHhKAcOQY27DO5lLlYbwbtBzCOWKF4fwAjgjiY:1tODv9:qwy3YXyDTmk3ORGHTQUc65bP3BWUvbIxFUahdFrWW3Q", "expire_date": "2025-01-02T10:38:19.733Z"}}, {"model": "sessions.session", "pk": "1z8029ynn4vfecuz9hf1sg2y9iyxn1ih", "fields": {"session_data": ".eJxVjDsOwjAQBe_iGlne-BtKes5grb1rEkC2FCcV4u4QKQW0b2beS0Tc1ilunZc4kzgLGMTpd0yYH1x3QnestyZzq-syJ7kr8qBdXhvx83K4fwcT9ulbO-agykgBbSmYQFtjiCCPTrMHhKAcOQY27DO5lLlYbwbtBzCOWKF4fwAjgjiY:1tTe6C:ypm0jYvAmtRapLyQyx4-a3wMdSy64xgHHr62ySCm4i0", "expire_date": "2025-01-17T09:36:08.640Z"}}, {"model": "sessions.session", "pk": "4koq380a527rzo4wwjp6lq956r42adri", "fields": {"session_data": ".eJxVjDkOwjAURO_iGlkYr1DSc4bob8YBZEtxUiHuTiKlgG4078281QDLXIalyzSMrC7KOHX4LRHoKXUj_IB6b5panacR9abonXZ9ayyv6-7-HRToZV2DmETHEyQIyefIxrGBNXnyItEKgbc2yxkFfYqAwbtgidFIdoyQ1ecLKdg5iA:1tTzoH:sc5nIX5vX1Qbd3j6uzfLPqedVTpBnd1L9NNZuBronVM", "expire_date": "2025-01-18T08:47:05.651Z"}}, {"model": "sessions.session", "pk": "6deg5gns87rfxmn81zmqooagmnbd6pid", "fields": {"session_data": ".eJxVjDsOwjAQBe_iGlne-BtKes5grb1rEkC2FCcV4u4QKQW0b2beS0Tc1ilunZc4kzgLGMTpd0yYH1x3QnestyZzq-syJ7kr8qBdXhvx83K4fwcT9ulbO-agykgBbSmYQFtjiCCPTrMHhKAcOQY27DO5lLlYbwbtBzCOWKF4fwAjgjiY:1tO5xk:WVPWNAZ5pWq0zgzEtzde8AiiROzeTrlwvIuOrJsKVsg", "expire_date": "2025-01-02T02:08:28.557Z"}}, {"model": "sessions.session", "pk": "a0pg4ils10tvntwzqmzv5mqya6d1vuhn", "fields": {"session_data": ".eJxVjDkOwjAURO_iGlkYr1DSc4bob8YBZEtxUiHuTiKlgG4078281QDLXIalyzSMrC7KOHX4LRHoKXUj_IB6b5panacR9abonXZ9ayyv6-7-HRToZV2DmETHEyQIyefIxrGBNXnyItEKgbc2yxkFfYqAwbtgidFIdoyQ1ecLKdg5iA:1tTkQ3:vrJ8cCMUZi4G_YABV914GtqcdjjVcFY2oqoJFq1VMhw", "expire_date": "2025-01-17T16:21:03.450Z"}}, {"model": "sessions.session", "pk": "b95wjem6668naz4euxi1rk5jqz6l45y5", "fields": {"session_data": ".eJxVjDsOwjAQBe_iGlne-BtKes5grb1rEkC2FCcV4u4QKQW0b2beS0Tc1ilunZc4kzgLGMTpd0yYH1x3QnestyZzq-syJ7kr8qBdXhvx83K4fwcT9ulbO-agykgBbSmYQFtjiCCPTrMHhKAcOQY27DO5lLlYbwbtBzCOWKF4fwAjgjiY:1tTdHl:XZeGaMa5M3oGpoNYZMU5u5P_srt94txmCOT57jKXqtM", "expire_date": "2025-01-17T08:44:01.110Z"}}, {"model": "sessions.session", "pk": "bxjx4yr4cyu04tb3n48trw0oz5jhz9zd", "fields": {"session_data": ".eJxVjDsOwjAQBe_iGlne-BtKes5grb1rEkC2FCcV4u4QKQW0b2beS0Tc1ilunZc4kzgLGMTpd0yYH1x3QnestyZzq-syJ7kr8qBdXhvx83K4fwcT9ulbO-agykgBbSmYQFtjiCCPTrMHhKAcOQY27DO5lLlYbwbtBzCOWKF4fwAjgjiY:1tTcL5:fpIGZdEwWVdFX_2IZ907-L4vl4QquKZDmeLaWHrMpA8", "expire_date": "2025-01-17T07:43:23.569Z"}}, {"model": "sessions.session", "pk": "c59g8p366ndr1jc1uwc2j1bddz4y2aml", "fields": {"session_data": ".eJxVjDsOwjAQBe_iGlne-BtKes5grb1rEkC2FCcV4u4QKQW0b2beS0Tc1ilunZc4kzgLGMTpd0yYH1x3QnestyZzq-syJ7kr8qBdXhvx83K4fwcT9ulbO-agykgBbSmYQFtjiCCPTrMHhKAcOQY27DO5lLlYbwbtBzCOWKF4fwAjgjiY:1tTcL4:erqhwMcSAcjbDba8K_ZXsZOozmAyhLZzDByFscydPII", "expire_date": "2025-01-17T07:43:22.143Z"}}, {"model": "sessions.session", "pk": "cg4y1p3j3drcia5j8v1st2wlr5z52bog", "fields": {"session_data": ".eJxVjDkOwjAURO_iGlkYr1DSc4bob8YBZEtxUiHuTiKlgG4078281QDLXIalyzSMrC7KOHX4LRHoKXUj_IB6b5panacR9abonXZ9ayyv6-7-HRToZV2DmETHEyQIyefIxrGBNXnyItEKgbc2yxkFfYqAwbtgidFIdoyQ1ecLKdg5iA:1tTzs6:AagkdRGvxxqSYFXVtR5RUbkhfSYej0Bx4zPjxpL_vW0", "expire_date": "2025-01-18T08:51:02.999Z"}}, {"model": "sessions.session", "pk": "e50m9cckda2nxn002bllzjn1bjr7fz2l", "fields": {"session_data": ".eJxVjDsOwjAQBe_iGlne-BtKes5grb1rEkC2FCcV4u4QKQW0b2beS0Tc1ilunZc4kzgLGMTpd0yYH1x3QnestyZzq-syJ7kr8qBdXhvx83K4fwcT9ulbO-agykgBbSmYQFtjiCCPTrMHhKAcOQY27DO5lLlYbwbtBzCOWKF4fwAjgjiY:1tTe6D:CwOH0Jg5KezS77VUoazDuaQVsWSjubeLpD6GYg2xpLs", "expire_date": "2025-01-17T09:36:09.945Z"}}, {"model": "sessions.session", "pk": "e9p7tq1up7c0ng6gn0i704kkl0jcb0f6", "fields": {"session_data": ".eJxVjT2uwjAQhO_iGiI79iY2JT1nsHa9G5L3UIzsRBSIu5NIFNCN5uebp4q4LmNcq5Q4sTop49Th2yRM_zLvCf_hfM1NyvNSJmr2SvNJa3PJLLfzp_sDGLGO2xrF-KRb9Nh5GHo2jg1uChKI9FYSgrWDBBIC3yN14DqbmIwMjgmHHXrHWh-5cCxSZYlL3t42dLqVdaKjbsGEQM5AsNySdzogogbbo2uDtur1BuOmTbw:1tmliy:oU8A6pMkf4RCL9mk1iDWgbsQIkVDiOlGu3JSvETTfH8", "expire_date": "2025-03-11T03:35:12.720Z"}}, {"model": "sessions.session", "pk": "ekndpadif3zl4xpmp6ajsldlddxnhdhf", "fields": {"session_data": ".eJxVjDsOwjAQBe_iGlne-BtKes5grb1rEkC2FCcV4u4QKQW0b2beS0Tc1ilunZc4kzgLGMTpd0yYH1x3QnestyZzq-syJ7kr8qBdXhvx83K4fwcT9ulbO-agykgBbSmYQFtjiCCPTrMHhKAcOQY27DO5lLlYbwbtBzCOWKF4fwAjgjiY:1tTcL2:TA6qob0EysLBHyQMbMPMdxbpvJbAqetLXy4kWWynQzg", "expire_date": "2025-01-17T07:43:20.542Z"}}, {"model": "sessions.session", "pk": "h9doo4so8vjhb1aqc9dhjlkw0i59ny5x", "fields": {"session_data": ".eJxVjDsOwjAQBe_iGlne-BtKes5grb1rEkC2FCcV4u4QKQW0b2beS0Tc1ilunZc4kzgLGMTpd0yYH1x3QnestyZzq-syJ7kr8qBdXhvx83K4fwcT9ulbO-agykgBbSmYQFtjiCCPTrMHhKAcOQY27DO5lLlYbwbtBzCOWKF4fwAjgjiY:1tTdgi:xEbmy-jOlg9aGnSaRNr_g56E-kM7_bRCc8ryGos9J9Q", "expire_date": "2025-01-17T09:09:48.172Z"}}, {"model": "sessions.session", "pk": "hc2twzifhqpyq9bwmeu9q9fhaouwbhk3", "fields": {"session_data": ".eJxVjDsOwjAQBe_iGlne-BtKes5grb1rEkC2FCcV4u4QKQW0b2beS0Tc1ilunZc4kzgLGMTpd0yYH1x3QnestyZzq-syJ7kr8qBdXhvx83K4fwcT9ulbO-agykgBbSmYQFtjiCCPTrMHhKAcOQY27DO5lLlYbwbtBzCOWKF4fwAjgjiY:1tTcFU:nPaeyFeqvcanl3yFFSdBp58aclEa2dy7hZLW89N8lpE", "expire_date": "2025-01-17T07:37:36.399Z"}}, {"model": "sessions.session", "pk": "jr6eus486pvwiuiraf873rwlgshs65zl", "fields": {"session_data": ".eJxVjEsSgjAQBe-StaYyJEwCS_eeITVkJoIfKCFstLy7n3Kh2-5-764iraWP6yJzHFi1Ciq1-YUdpZOMb8NHGg-TTtNY5qHT70R_7aL3E8t5923_Dnpa-tcaRYLJDQeqc6YObO0cM6QGrXggCAYZBcSJT4xdklx7V1lfgUMWQ6_T6zrcYhkuEs-Si2q3YDBs1FJoLh-uWvDWeR-MQd04rNA-nuw1SHw:1tOx0Q:7s508o44Nzb4rFVgMgFgcFUfrgJ4GBOG5fD73bKc1YQ", "expire_date": "2025-01-04T10:46:46.988Z"}}, {"model": "sessions.session", "pk": "k3sz4a3ts6c0ukpowsfhl071n5pocc7q", "fields": {"session_data": ".eJxVjDkOwjAURO_iGlkYr1DSc4bob8YBZEtxUiHuTiKlgG4078281QDLXIalyzSMrC7KOHX4LRHoKXUj_IB6b5panacR9abonXZ9ayyv6-7-HRToZV2DmETHEyQIyefIxrGBNXnyItEKgbc2yxkFfYqAwbtgidFIdoyQ1ecLKdg5iA:1tTzaA:Ye3aeZtYIM-NA7G-RibSXi78lPWzDvHu5mMShQKUlnk", "expire_date": "2025-01-18T08:32:30.083Z"}}, {"model": "sessions.session", "pk": "nshrke1geyye09yngcx3wzgl0ztg9jpq", "fields": {"session_data": ".eJxVjDkOwjAURO_iGlkYr1DSc4bob8YBZEtxUiHuTiKlgG4078281QDLXIalyzSMrC7KOHX4LRHoKXUj_IB6b5panacR9abonXZ9ayyv6-7-HRToZV2DmETHEyQIyefIxrGBNXnyItEKgbc2yxkFfYqAwbtgidFIdoyQ1ecLKdg5iA:1tTzcq:xpxvJ4BHpM1xSClb-uiXNKtN2T5o2oiCP7vNV3UQ718", "expire_date": "2025-01-18T08:35:16.286Z"}}, {"model": "sessions.session", "pk": "qy33wm3h19ubs6hpjs8bzgckb5pib4dw", "fields": {"session_data": ".eJxVjDsOwjAQBe_iGlne-BtKes5grb1rEkC2FCcV4u4QKQW0b2beS0Tc1ilunZc4kzgLGMTpd0yYH1x3QnestyZzq-syJ7kr8qBdXhvx83K4fwcT9ulbO-agykgBbSmYQFtjiCCPTrMHhKAcOQY27DO5lLlYbwbtBzCOWKF4fwAjgjiY:1tTdEm:K8znEfH28bALi8hRPd5842K6w3N5Z9c_aFlnTB71_Z4", "expire_date": "2025-01-17T08:40:56.495Z"}}, {"model": "sessions.session", "pk": "rseoap3ox4mqx1q063gid6gmalu53e58", "fields": {"session_data": ".eJxVjMEOwiAQRP-FsyHQpbB69N5vIAu7StXQpLQn47_bJj1oMqd5b-atIq1LiWuTOY6sLsqq02-XKD-l7oAfVO-TzlNd5jHpXdEHbXqYWF7Xw_07KNTKtnaeM3p3vgGRcTZZAMMgybAnAyYgdJisUBDkrhd0CC5IyCi92xLU5wvQZzdD:1t8hr2:yU9lN0wyr1H8zUONzueb2v4LFVCqjvnrJZg5Qod7XCQ", "expire_date": "2024-11-20T15:21:56.831Z"}}, {"model": "sessions.session", "pk": "st9coih64y9d8qg3f77lsuu7mwmlyiri", "fields": {"session_data": ".eJxVjDsOwjAQBe_iGlne-BtKes5grb1rEkC2FCcV4u4QKQW0b2beS0Tc1ilunZc4kzgLGMTpd0yYH1x3QnestyZzq-syJ7kr8qBdXhvx83K4fwcT9ulbO-agykgBbSmYQFtjiCCPTrMHhKAcOQY27DO5lLlYbwbtBzCOWKF4fwAjgjiY:1tFvQd:-vTahN8Qp_TtnQupf4pgJLzbxLAMWE6VES5b0MFl1do", "expire_date": "2024-12-10T13:16:31.403Z"}}, {"model": "sessions.session", "pk": "wjuipdderboen22rszbjnftssh173mup", "fields": {"session_data": ".eJxVjDkOwjAURO_iGlkYr1DSc4bob8YBZEtxUiHuTiKlgG4078281QDLXIalyzSMrC7KOHX4LRHoKXUj_IB6b5panacR9abonXZ9ayyv6-7-HRToZV2DmETHEyQIyefIxrGBNXnyItEKgbc2yxkFfYqAwbtgidFIdoyQ1ecLKdg5iA:1vuT30:iA98J6-UL5-gI4opNI3PwTZoOLI-sO9PbPYOy5Pf354", "expire_date": "2026-03-09T10:20:14.257Z"}}, {"model": "sessions.session", "pk": "y87opyj9oucqmjq0t6loh3c4ti1qmxpi", "fields": {"session_data": ".eJxVjDkOwjAURO_iGlkYr1DSc4bob8YBZEtxUiHuTiKlgG4078281QDLXIalyzSMrC7KOHX4LRHoKXUj_IB6b5panacR9abonXZ9ayyv6-7-HRToZV2DmETHEyQIyefIxrGBNXnyItEKgbc2yxkFfYqAwbtgidFIdoyQ1ecLKdg5iA:1tTzq9:OyzvoupqSAhC7JgOhI4nxVAOLi1EtxNotA8AxxIs4GI", "expire_date": "2025-01-18T08:49:01.924Z"}}, {"model": "app.categories", "pk": 1, "fields": {"icon": "fa-brands fa-python", "name": "Python"}}, {"model": "app.categories", "pk": 2, "fields": {"icon": "fa-brands fa-java", "name": "Java"}}, {"model": "app.categories", "pk": 3, "fields": {"icon": "fa-brands fa-php", "name": "PHP"}}, {"model": "app.categories", "pk": 4, "fields": {"icon": "fa-brands fa-react", "name": "React"}}, {"model": "app.categories", "pk": 5, "fields": {"icon": "fa-brands fa-html5", "name": "HTML"}}, {"model": "app.categories", "pk": 6, "fields": {"icon": "fa-brands fa-js", "name": "Javascript"}}, {"model": "app.author", "pk": 1, "fields": {"author_profile": "Media/author/CodeWithHarry2.png", "name": "Haris Ali Khan", "skill": "Python Developer", "about_author": "Haris Ali Khan, known as Code With Harry, is a popular YouTuber and educator who simplifies programming for beginners. His channel offers free, high-quality tutorials in Hindi and English, focusing on Python, web development, data science, and automation. Haris is skilled in Python, teaching fundamentals, Django, Flask, machine learning, and building real-world projects like chatbots and web scrapers. His practical, beginner-friendly approach has inspired thousands to learn coding, making him a leading figure in tech education.", "linkedin": "https://www.linkedin.com/in/harisali-khan/", "twitter": "https://twitter.com/CodeWithHarry", "facebook": "http://facebook.com/CodeWithHarry", "instagram": "https://www.instagram.com/CodeWithHarry/"}}, {"model": "app.author", "pk": 2, "fields": {"author_profile": "Media/author/Hitesh_Choudhary.jpg", "name": "Hitesh Choudhary", "skill": "Cloud Developer", "about_author": "Hitesh Choudhary, popularly known as Chai aur Code, is a renowned tech educator, YouTuber, and software developer. He is widely recognized for his ability to teach complex programming concepts in a simple and engaging manner. Hitesh focuses on helping learners build a strong foundation in programming, with a special emphasis on JavaScript, React, Node.js, and backend development. His YouTube channel, Chai aur Code, is highly regarded for its practical, hands-on tutorials and project-based learning approach.", "linkedin": "https://www.linkedin.com/in/hiteshchoudhary/", "twitter": "https://twitter.com/hiteshdotcom", "facebook": "https://www.facebook.com/HiteshChoudharyPage/", "instagram": "https://www.instagram.com/chai.aur.code/"}}, {"model": "app.author", "pk": 3, "fields": {"author_profile": "Media/author/abijeet.jpg", "name": "Abijeet Gupta", "skill": "Django developer", "about_author": "Abijeet Gupta is a skilled Django developer and a prominent educator associated with Newton School, a platform dedicated to helping aspiring developers build successful careers in tech. With a strong background in web development, Abijeet specializes in Django, a high-level Python web framework, and has contributed to building scalable and efficient web applications. He is passionate about teaching and mentoring, helping students master Django and other full-stack development tools. Through Newton School, Abijeet empowers learners with industry-relevant skills, preparing them for roles in software development and tech.", "linkedin": null, "twitter": null, "facebook": null, "instagram": "https://www.instagram.com/newtonschoolofficial/"}}, {"model": "app.author", "pk": 4, "fields": {"author_profile": "Media/author/Anil_Sidhu.jpg", "name": "Anil Sidhu", "skill": "Web Developer", "about_author": "Anil Sidhu is a well-known tech educator and the creator of Code Step By Step, a platform dedicated to teaching programming and web development in a simple and structured manner. Specializing in languages like PHP, JavaScript, and frameworks like Laravel, Anil focuses on breaking down complex concepts into easy-to-understand steps. His tutorials are beginner-friendly and emphasize practical, hands-on learning, making them ideal for students and aspiring developers. Through Code Step By Step, Anil has helped thousands of learners build a strong foundation in programming and web development.", "linkedin": "https://www.linkedin.com/in/anilsidhu/", "twitter": null, "facebook": "https://www.facebook.com/codestepbystep", "instagram": null}}, {"model": "app.author", "pk": 5, "fields": {"author_profile": "Media/author/Rishabh_Mishra.jpeg", "name": "Rishabh Mishra", "skill": "SQL developer", "about_author": "Rishabh Mishra is a skilled SQL developer and data enthusiast with a strong expertise in database management, query optimization, and data analysis. Known for his ability to simplify complex SQL concepts, Rishabh has helped numerous students and professionals master SQL for data-driven decision-making. He focuses on practical, real-world applications of SQL, teaching how to design efficient databases, write optimized queries, and analyze data effectively. Rishabh is passionate about empowering others with data skills, making him a valuable resource for anyone looking to excel in database management and data analytics.", "linkedin": null, "twitter": null, "facebook": null, "instagram": null}}, {"model": "app.author", "pk": 6, "fields": {"author_profile": "Media/author/shradh_Khapra1.jpg", "name": "Shradha Khapra", "skill": "Web Developer", "about_author": "Shradha Khapra is a renowned tech educator and co-founder of Apna College, a platform dedicated to helping students and professionals learn programming and land their dream tech jobs. Known for her expertise in Data Structures and Algorithms (DSA), Java, and web development, Shradha has inspired thousands of learners with her clear, concise, and engaging teaching style. Through Apna College, she provides free, high-quality tutorials, mentorship, and resources, making tech education accessible to everyone. Shradha is passionate about empowering students to achieve their career goals and has become a role model for aspiring developers.", "linkedin": "https://www.linkedin.com/in/shradha-khapra/", "twitter": null, "facebook": null, "instagram": null}}, {"model": "app.level", "pk": 1, "fields": {"name": "Beginner"}}, {"model": "app.level", "pk": 2, "fields": {"name": "Intermediate"}}, {"model": "app.level", "pk": 3, "fields": {"name": "Advanced"}}, {"model": "app.language", "pk": 1, "fields": {"language": "English"}}, {"model": "app.language", "pk": 2, "fields": {"language": "Urdu"}}, {"model": "app.course", "pk": 1, "fields": {"featured_image": "Media/featured_img/basic_python.jpg", "featured_video": "7wnove7K-ZQ?si=CBcy3s8TUiJt4ibB", "title": "Python for Beginners (Full Course)", "created_at": "2025-02-24", "author": 1, "category": 1, "description": "The Python for Beginners (Full Course) is a comprehensive and beginner-friendly guide designed to help absolute newcomers learn Python programming from scratch. This course covers all the essential concepts, starting with the basics like variables, data types, loops, and conditionals, and gradually progressing to more advanced topics such as functions, file handling, and object-oriented programming (OOP). With a focus on hands-on learning, the course includes practical examples, coding exercises, and real-world projects to reinforce understanding. Whether you're looking to start a career in programming, automate tasks, or explore data science, this course provides a solid foundation in Python, making it easy for anyone to get started and build confidence in coding.", "level": 1, "price": "50.00", "discount": "30.00", "language": 2, "Deadline": "Life Time", "slug": "python-for-beginners-full-course", "status": "PUBLISH", "Certificate": "No", "students": []}}, {"model": "app.course", "pk": 2, "fields": {"featured_image": "Media/featured_img/oop_python.jpg", "featured_video": "fpdwRofNMeQ?si=pxjLFmrHGBmKkmxj", "title": "OOPs In Python", "created_at": "2025-02-24", "author": 1, "category": 1, "description": "Object-Oriented Programming (OOP) in Python is a powerful paradigm that allows developers to structure code using classes and objects. In Python, OOP provides a way to model real-world entities by encapsulating data (attributes) and behaviors (methods) within objects. The four main principles of OOPù**Encapsulation, Abstraction, Inheritance, and Polymorphism**ùhelp in writing modular, reusable, and scalable code. PythonÆs class-based approach enables developers to create templates (classes) and instantiate objects with specific properties. **Encapsulation** ensures that data is hidden and accessible only through defined methods, while **abstraction** simplifies complex systems by exposing only relevant details. **Inheritance** allows new classes to derive properties from existing ones, reducing redundancy, and **polymorphism** enables methods to take different forms depending on the object. With PythonÆs simplicity and flexibility, OOP makes it easier to manage large-scale projects by promoting code reusability and efficiency. Whether developing web applications, games, or automation scripts, mastering OOP in Python enhances coding proficiency and improves overall software design.", "level": 2, "price": "100.00", "discount": "20.00", "language": 2, "Deadline": "Life Time", "slug": "oops-in-python", "status": "PUBLISH", "Certificate": "No", "students": []}}, {"model": "app.course", "pk": 3, "fields": {"featured_image": "Media/featured_img/java.jpeg", "featured_video": "yRpLlJmRo2w?si=6CX2vLnjpXLB683F", "title": "Introduction to Java Language", "created_at": "2025-02-24", "author": 6, "category": 2, "description": "Java is a powerful and versatile programming language renowned for its portability, performance, and wide range of applications. Developed by Sun Microsystems (now owned by Oracle), Java was designed with the principle of \"write once, run anywhere\" in mind, making it highly suitable for cross-platform development.\r\n\r\nJava's syntax is derived from C and C++, making it familiar to those with a background in these languages, yet it also introduces concepts such as automatic memory management through garbage collection, which simplifies memory allocation and deallocation for developers.\r\n\r\nKey features of Java include its robustness, which is achieved through strong type checking, exception handling, and a comprehensive standard library. It supports object-oriented programming principles such as encapsulation, inheritance, and polymorphism, enabling developers to build modular and scalable applications.\r\n\r\nMoreover, Java's platform independence is facilitated by the Java Virtual Machine (JVM), which allows Java programs to run on any device or operating system that supports Java, without the need for recompilation. This versatility has made Java a cornerstone in various domains, including web development, enterprise applications, mobile apps (Android), scientific computing, and more.\r\n\r\nIn this course, you will explore the fundamentals of Java programming, from basic syntax to advanced topics like multithreading and network programming. Whether you're new to programming or looking to expand your skill set, mastering Java opens doors to creating robust, scalable applications that can run seamlessly across diverse computing environments.", "level": 1, "price": "0.00", "discount": "0.00", "language": 2, "Deadline": "Life Time", "slug": "introduction-to-java-language", "status": "PUBLISH", "Certificate": "No", "students": []}}, {"model": "app.course", "pk": 4, "fields": {"featured_image": "Media/featured_img/REACT.jpg", "featured_video": "vz1RlUyrc3w?si=JFo6S4CFkv4Jg1Sr", "title": "React JS roadmap", "created_at": "2025-02-24", "author": 2, "category": 4, "description": "Building a React application allows developers to create dynamic and interactive user interfaces efficiently. React's component-based architecture and virtual DOM make it ideal for developing modern web applications that are responsive and scalable.", "level": 3, "price": "0.00", "discount": "0.00", "language": 2, "Deadline": "Life Time", "slug": "react-js-roadmap", "status": "PUBLISH", "Certificate": "No", "students": []}}, {"model": "app.course", "pk": 5, "fields": {"featured_image": "Media/featured_img/js.jpeg", "featured_video": "Hr5iLG7sUa0?si=gHARTNkXamt3zPpb", "title": "Javascript for beginners", "created_at": "2025-02-24", "author": 2, "category": 6, "description": "JavaScript is a powerful programming language used to create interactive and dynamic web pages. It runs in the browser and enables features like animations, form validation, and API interactions. As a beginner, learning JavaScript opens the door to web development, allowing you to build modern and responsive websites.", "level": 1, "price": "0.00", "discount": "0.00", "language": 2, "Deadline": "Life Time", "slug": "javascript-for-beginners", "status": "PUBLISH", "Certificate": "No", "students": []}}, {"model": "app.what_you_learn", "pk": 1, "fields": {"course": 1, "points": "Python Basics: Variables, data types, and operators."}}, {"model": "app.what_you_learn", "pk": 2, "fields": {"course": 1, "points": "Input/Output: Taking user input and displaying output."}}, {"model": "app.what_you_learn", "pk": 3, "fields": {"course": 1, "points": "Control Structures: if-else, for loops, and while loops."}}, {"model": "app.what_you_learn", "pk": 4, "fields": {"course": 1, "points": "Functions: Creating and using functions with parameters."}}, {"model": "app.what_you_learn", "pk": 5, "fields": {"course": 1, "points": "Data Structures: Lists, tuples, dictionaries, and sets."}}, {"model": "app.what_you_learn", "pk": 6, "fields": {"course": 1, "points": "File Handling: Reading and writing files."}}, {"model": "app.what_you_learn", "pk": 7, "fields": {"course": 1, "points": "Object-Oriented Programming (OOP): Classes, objects, and inheritance."}}, {"model": "app.what_you_learn", "pk": 8, "fields": {"course": 1, "points": "Modules and Libraries: Using built-in modules like math and random."}}, {"model": "app.what_you_learn", "pk": 9, "fields": {"course": 1, "points": "Error Handling: Managing exceptions with try-except."}}, {"model": "app.what_you_learn", "pk": 10, "fields": {"course": 1, "points": "Real-World Projects: Building practical applications."}}, {"model": "app.what_you_learn", "pk": 11, "fields": {"course": 2, "points": "Fundamentals of Object-Oriented Programming (OOP) in Python"}}, {"model": "app.what_you_learn", "pk": 12, "fields": {"course": 2, "points": "Creating and managing classes and objects"}}, {"model": "app.what_you_learn", "pk": 13, "fields": {"course": 2, "points": "Abstraction"}}, {"model": "app.what_you_learn", "pk": 14, "fields": {"course": 2, "points": "Polymorphism"}}, {"model": "app.what_you_learn", "pk": 15, "fields": {"course": 2, "points": "Encapsulation"}}, {"model": "app.what_you_learn", "pk": 16, "fields": {"course": 2, "points": "Implementing real-world OOP projects in Python"}}, {"model": "app.what_you_learn", "pk": 17, "fields": {"course": 2, "points": "Best practices for writing modular and reusable code"}}, {"model": "app.what_you_learn", "pk": 18, "fields": {"course": 3, "points": "Java syntax and basic programming concepts"}}, {"model": "app.what_you_learn", "pk": 19, "fields": {"course": 3, "points": "OOP principles: encapsulation, inheritance, polymorphism"}}, {"model": "app.what_you_learn", "pk": 20, "fields": {"course": 3, "points": "Java Standard Library (Collections, Exceptions, etc.)"}}, {"model": "app.what_you_learn", "pk": 21, "fields": {"course": 3, "points": "File handling and database (JDBC)"}}, {"model": "app.what_you_learn", "pk": 22, "fields": {"course": 3, "points": "Multithreading and concurrency"}}, {"model": "app.what_you_learn", "pk": 23, "fields": {"course": 3, "points": "GUI development (JavaFX/Swing)"}}, {"model": "app.what_you_learn", "pk": 24, "fields": {"course": 4, "points": "Set up a React environment."}}, {"model": "app.what_you_learn", "pk": 25, "fields": {"course": 4, "points": "Create reusable components."}}, {"model": "app.what_you_learn", "pk": 26, "fields": {"course": 4, "points": "Manage state and props."}}, {"model": "app.what_you_learn", "pk": 27, "fields": {"course": 4, "points": "Implement routing for navigation."}}, {"model": "app.what_you_learn", "pk": 28, "fields": {"course": 4, "points": "Fetch and display API data."}}, {"model": "app.what_you_learn", "pk": 29, "fields": {"course": 4, "points": "Handle forms and user input."}}, {"model": "app.what_you_learn", "pk": 30, "fields": {"course": 4, "points": "Deploy the app on hosting services."}}, {"model": "app.what_you_learn", "pk": 31, "fields": {"course": 5, "points": "Basics of variables, data types, and operators."}}, {"model": "app.what_you_learn", "pk": 32, "fields": {"course": 5, "points": "Working with functions and loops."}}, {"model": "app.what_you_learn", "pk": 33, "fields": {"course": 5, "points": "Handling events like clicks and inputs."}}, {"model": "app.what_you_learn", "pk": 34, "fields": {"course": 5, "points": "Manipulating the DOM to update web pages dynamically."}}, {"model": "app.what_you_learn", "pk": 35, "fields": {"course": 5, "points": "Using arrays and objects to store and manage data."}}, {"model": "app.what_you_learn", "pk": 36, "fields": {"course": 5, "points": "Fetching and handling data from APIs."}}, {"model": "app.what_you_learn", "pk": 37, "fields": {"course": 5, "points": "Debugging errors using browser developer tools."}}, {"model": "app.requirements", "pk": 1, "fields": {"course": 1, "points": "A Computer: Windows, macOS, or Linux."}}, {"model": "app.requirements", "pk": 2, "fields": {"course": 1, "points": "Python Installed: Download from python.org."}}, {"model": "app.requirements", "pk": 3, "fields": {"course": 1, "points": "Code Editor: VS Code, PyCharm, or Python IDLE."}}, {"model": "app.requirements", "pk": 4, "fields": {"course": 1, "points": "Internet Connection: For accessing videos and resources."}}, {"model": "app.requirements", "pk": 5, "fields": {"course": 1, "points": "Basic Computer Skills: Navigating files and installing software."}}, {"model": "app.requirements", "pk": 6, "fields": {"course": 1, "points": "Patience: Practice regularly to master concepts."}}, {"model": "app.requirements", "pk": 7, "fields": {"course": 1, "points": "No Prior Experience: Perfect for absolute beginners."}}, {"model": "app.requirements", "pk": 8, "fields": {"course": 2, "points": "Basic understanding of Python syntax"}}, {"model": "app.requirements", "pk": 9, "fields": {"course": 2, "points": "A computer with Python installed"}}, {"model": "app.requirements", "pk": 10, "fields": {"course": 2, "points": "A code editor (e.g., VS Code, PyCharm, or Jupyter Notebook)"}}, {"model": "app.requirements", "pk": 11, "fields": {"course": 2, "points": "A code editor (e.g., VS Code, PyCharm, or Jupyter Notebook)"}}, {"model": "app.requirements", "pk": 12, "fields": {"course": 2, "points": "Willingness to practice hands-on coding exercises"}}, {"model": "app.requirements", "pk": 13, "fields": {"course": 2, "points": "No prior OOP knowledge required (beginner-friendly)z"}}, {"model": "app.requirements", "pk": 14, "fields": {"course": 3, "points": "Basic programming knowledge (optional)"}}, {"model": "app.requirements", "pk": 15, "fields": {"course": 3, "points": "JDK installed on a computer"}}, {"model": "app.requirements", "pk": 16, "fields": {"course": 3, "points": "Any code editor or IDE (Eclipse, IntelliJ, NetBeans)"}}, {"model": "app.requirements", "pk": 17, "fields": {"course": 3, "points": "Willingness to practice coding"}}, {"model": "app.requirements", "pk": 18, "fields": {"course": 4, "points": "Basic HTML, CSS, JavaScript."}}, {"model": "app.requirements", "pk": 19, "fields": {"course": 4, "points": "Node.js and npm installed."}}, {"model": "app.requirements", "pk": 20, "fields": {"course": 4, "points": "ES6+ JavaScript knowledge."}}, {"model": "app.requirements", "pk": 21, "fields": {"course": 4, "points": "A code editor (e.g., VS Code)."}}, {"model": "app.requirements", "pk": 22, "fields": {"course": 4, "points": "Understanding of components & state."}}, {"model": "app.requirements", "pk": 23, "fields": {"course": 4, "points": "Git knowledge (optional)."}}, {"model": "app.requirements", "pk": 24, "fields": {"course": 4, "points": "API access for data fetching"}}, {"model": "app.requirements", "pk": 25, "fields": {"course": 5, "points": "Basic understanding of HTML & CSS."}}, {"model": "app.requirements", "pk": 26, "fields": {"course": 5, "points": "A web browser (Chrome, Firefox, etc.)"}}, {"model": "app.requirements", "pk": 27, "fields": {"course": 5, "points": "A text editor (VS Code, Sublime, etc.)."}}, {"model": "app.requirements", "pk": 28, "fields": {"course": 5, "points": "Willingness to learn and experiment"}}, {"model": "app.lesson", "pk": 1, "fields": {"course": 1, "name": "Introduction to Programming & Python", "has_quizzes": false}}, {"model": "app.lesson", "pk": 2, "fields": {"course": 1, "name": "Comments, Escape Sequences & Print Statement", "has_quizzes": false}}, {"model": "app.lesson", "pk": 3, "fields": {"course": 2, "name": "Object Oriented Programming Using Python Programming", "has_quizzes": false}}, {"model": "app.lesson", "pk": 4, "fields": {"course": 2, "name": "Classes, Objects and Constructors", "has_quizzes": false}}, {"model": "app.lesson", "pk": 5, "fields": {"course": 2, "name": "Inheritance In Python oops", "has_quizzes": false}}, {"model": "app.lesson", "pk": 6, "fields": {"course": 2, "name": "Property Decorators, Setters & Deleters", "has_quizzes": false}}, {"model": "app.lesson", "pk": 7, "fields": {"course": 2, "name": "Abstraction & Encapsulation", "has_quizzes": false}}, {"model": "app.lesson", "pk": 8, "fields": {"course": 3, "name": "Introduction to Java Language", "has_quizzes": false}}, {"model": "app.lesson", "pk": 9, "fields": {"course": 3, "name": "Variables in Java | Input Output", "has_quizzes": false}}, {"model": "app.lesson", "pk": 10, "fields": {"course": 3, "name": "Conditional Statements", "has_quizzes": false}}, {"model": "app.lesson", "pk": 11, "fields": {"course": 3, "name": "Loops in Java", "has_quizzes": false}}, {"model": "app.lesson", "pk": 12, "fields": {"course": 4, "name": "React JS roadmap", "has_quizzes": false}}, {"model": "app.lesson", "pk": 13, "fields": {"course": 4, "name": "Create react projects", "has_quizzes": false}}, {"model": "app.lesson", "pk": 14, "fields": {"course": 4, "name": "Understand the react flow and structure", "has_quizzes": false}}, {"model": "app.lesson", "pk": 15, "fields": {"course": 4, "name": "Create your own react library and JSX", "has_quizzes": false}}, {"model": "app.lesson", "pk": 16, "fields": {"course": 5, "name": "Introduction Javascript", "has_quizzes": false}}, {"model": "app.lesson", "pk": 17, "fields": {"course": 5, "name": "Datatypes and ECMA standards", "has_quizzes": false}}, {"model": "app.lesson", "pk": 18, "fields": {"course": 5, "name": "Stack and Heap memory in javascript", "has_quizzes": false}}, {"model": "app.lesson", "pk": 19, "fields": {"course": 5, "name": "Strings in Javascript", "has_quizzes": false}}, {"model": "app.lesson", "pk": 20, "fields": {"course": 1, "name": "Assignments", "has_quizzes": false}}, {"model": "app.lesson", "pk": 21, "fields": {"course": 1, "name": "Quizzes", "has_quizzes": true}}, {"model": "app.lesson", "pk": 22, "fields": {"course": 2, "name": "Assignments", "has_quizzes": false}}, {"model": "app.lesson", "pk": 23, "fields": {"course": 2, "name": "Quizzes", "has_quizzes": true}}, {"model": "app.video", "pk": 1, "fields": {"serial_number": 1, "thumbnail": "Media/Yt_Thumbnail/basic_python.jpg", "course": 1, "lesson": 1, "title": "Introduction to Programming & Python | Python Tutorial - Day #1", "youtube_id": "7wnove7K-ZQ?si=hRFdTflgtohbGaUJ", "time_duration": 11, "preview": true}}, {"model": "app.video", "pk": 2, "fields": {"serial_number": 2, "thumbnail": "Media/Yt_Thumbnail/basic_python_IGSXR2k.jpg", "course": 1, "lesson": 1, "title": "Some Amazing Python Programs - The Power of Python | Python Tutorial - Day #2", "youtube_id": "Tto8TS-fJQU?si=GG5q-YwXwfgvF6vT", "time_duration": 8, "preview": true}}, {"model": "app.video", "pk": 3, "fields": {"serial_number": 3, "thumbnail": "Media/Yt_Thumbnail/basic_python_AEh389G.jpg", "course": 1, "lesson": 1, "title": "Modules and Pip | Python Tutorial - Day #3", "youtube_id": "xwKO_y2gHxQ?si=d7DYGkTmW7NP7szQ", "time_duration": 12, "preview": true}}, {"model": "app.video", "pk": 4, "fields": {"serial_number": 4, "thumbnail": "Media/Yt_Thumbnail/basic_python_ky9EMBe.jpg", "course": 1, "lesson": 1, "title": "Our First Python Program | Python Tutorial - Day #4", "youtube_id": "7IWOYhfAcVg?si=BTuYN7pOguRjk4dn", "time_duration": 7, "preview": true}}, {"model": "app.video", "pk": 5, "fields": {"serial_number": 5, "thumbnail": "Media/Yt_Thumbnail/basic_python_2a0s6sD.jpg", "course": 1, "lesson": 2, "title": "Comments, Escape Sequences & Print Statement | Python Tutorial - Day #5", "youtube_id": "qxPMmW93eDs?si=tKB1F17RQwrSDa7o", "time_duration": 18, "preview": false}}, {"model": "app.video", "pk": 6, "fields": {"serial_number": 1, "thumbnail": "Media/Yt_Thumbnail/oop_python.jpg", "course": 2, "lesson": 3, "title": "Why OOPs In Python?", "youtube_id": "fpdwRofNMeQ?si=0jSXpNMBfmAlB_z3", "time_duration": 3, "preview": true}}, {"model": "app.video", "pk": 7, "fields": {"serial_number": 2, "thumbnail": "Media/Yt_Thumbnail/oop_python_KkKFXaM.jpg", "course": 2, "lesson": 4, "title": "Classes, Objects and Constructors | Object Oriented Programming Using Python Tutorial #2", "youtube_id": "FX5m_VeKiQQ?si=2F96_0fFULfOYBcz", "time_duration": 9, "preview": false}}, {"model": "app.video", "pk": 8, "fields": {"serial_number": 3, "thumbnail": "Media/Yt_Thumbnail/oop_python_3O4E18l.jpg", "course": 2, "lesson": 4, "title": "Instance and Class Variables | Object Oriented Programming Using Python Tutorial #3", "youtube_id": "lSqlHy3jeYY?si=tSacFILGDWVZYT9m", "time_duration": 9, "preview": false}}, {"model": "app.video", "pk": 9, "fields": {"serial_number": 4, "thumbnail": "Media/Yt_Thumbnail/oop_python_3DrBj4a.jpg", "course": 2, "lesson": 5, "title": "Inheritance In Python oops | Object Oriented Programming In Python Tutorial #4", "youtube_id": "Z36vGeuT4L0?si=gWymhlJIJh6EtFzh", "time_duration": 8, "preview": false}}, {"model": "app.video", "pk": 10, "fields": {"serial_number": 5, "thumbnail": "Media/Yt_Thumbnail/oop_python_CPlP9pK.jpg", "course": 2, "lesson": 6, "title": "Property Decorators, Setters & Deleters", "youtube_id": "zZtiJJRXb34?si=xN-Rh7UjvtF9UsmZ", "time_duration": 14, "preview": false}}, {"model": "app.video", "pk": 11, "fields": {"serial_number": 6, "thumbnail": "Media/Yt_Thumbnail/oop_python_PZdILpJ.jpg", "course": 2, "lesson": 7, "title": "Abstraction & Encapsulation | Python Tutorials For Absolute Beginners In Hindi #6", "youtube_id": "wySW_E4XsvE?si=FDGoDkbRmC4HVp7", "time_duration": 8, "preview": false}}, {"model": "app.video", "pk": 12, "fields": {"serial_number": 1, "thumbnail": "Media/Yt_Thumbnail/java.jpeg", "course": 3, "lesson": 8, "title": "Introduction to Java Language | Lecture 1", "youtube_id": "yRpLlJmRo2w?si=YeeQROUm_MzHXe_l", "time_duration": 18, "preview": true}}, {"model": "app.video", "pk": 13, "fields": {"serial_number": 2, "thumbnail": "Media/Yt_Thumbnail/java_0TDKS3A.jpeg", "course": 3, "lesson": 9, "title": "Variables in Java | Input Output | Complete Placement Course | Lecture 2", "youtube_id": "LusTv0RlnSU?si=k8WNSqrwwpgJ-wyC", "time_duration": 42, "preview": false}}, {"model": "app.video", "pk": 14, "fields": {"serial_number": 3, "thumbnail": "Media/Yt_Thumbnail/java_UgTvkZm.jpeg", "course": 3, "lesson": 10, "title": "Conditional Statements | If-else, Switch Break | Complete Java Placement Course | Lecture 3", "youtube_id": "I5srDu75h_M?si=7YEI2ClW5slmM5Rx", "time_duration": 25, "preview": false}}, {"model": "app.video", "pk": 15, "fields": {"serial_number": 1, "thumbnail": "Media/Yt_Thumbnail/REACT.jpg", "course": 4, "lesson": 12, "title": "React JS roadmap", "youtube_id": "vz1RlUyrc3w?si=Z4ikUlyRuA-zfd2K", "time_duration": 30, "preview": true}}, {"model": "app.video", "pk": 16, "fields": {"serial_number": 2, "thumbnail": "Media/Yt_Thumbnail/REACT_PPapoqk.jpg", "course": 4, "lesson": 13, "title": "Create react projects", "youtube_id": "vz1RlUyrc3w?si=Z4ikUlyRuA-zfd2K", "time_duration": 35, "preview": false}}, {"model": "app.video", "pk": 17, "fields": {"serial_number": 3, "thumbnail": "Media/Yt_Thumbnail/REACT_9Kxku4v.jpg", "course": 4, "lesson": 14, "title": "Create react projects", "youtube_id": "yNbnA5pryMg?si=8BKwBUEDTXWmpyFf", "time_duration": 35, "preview": false}}, {"model": "app.video", "pk": 18, "fields": {"serial_number": 4, "thumbnail": "Media/Yt_Thumbnail/REACT_QM6rgNC.jpg", "course": 4, "lesson": 15, "title": "Create your own react library and JSX", "youtube_id": "kAOuj6o7Kxs?si=_qKdIguN5vxBMxxI", "time_duration": 45, "preview": false}}, {"model": "app.video", "pk": 19, "fields": {"serial_number": 1, "thumbnail": "Media/Yt_Thumbnail/js.jpeg", "course": 5, "lesson": 16, "title": "Javascript for beginners", "youtube_id": "t2_Q2BRzeEE?si=Yx3VuFzLlfq7lLjy", "time_duration": 5, "preview": true}}, {"model": "app.video", "pk": 20, "fields": {"serial_number": 2, "thumbnail": "Media/Yt_Thumbnail/js_JNBamEw.jpeg", "course": 5, "lesson": 16, "title": "Setting up environment in local machine for Javascript", "youtube_id": "cvoLc3deAdQ?si=AmoL4qod4CL3SsNF", "time_duration": 11, "preview": false}}, {"model": "app.video", "pk": 21, "fields": {"serial_number": 3, "thumbnail": "Media/Yt_Thumbnail/js_1RUOeOg.jpeg", "course": 5, "lesson": 17, "title": "Datatypes and ECMA standards", "youtube_id": "-9knnv97wSc?si=nF1Cg4hZkEeg1J_2", "time_duration": 18, "preview": false}}, {"model": "app.video", "pk": 22, "fields": {"serial_number": 4, "thumbnail": "Media/Yt_Thumbnail/js_tBrtzYb.jpeg", "course": 5, "lesson": 18, "title": "Stack and Heap memory in javascript", "youtube_id": "7gwc-1czolw?si=96z-bkTV9uw-utp2", "time_duration": 9, "preview": false}}, {"model": "app.usercourse", "pk": 5, "fields": {"user": ["Sharykhan"], "course": 5, "paid": false, "date": "2025-02-24T15:30:11.051Z"}}, {"model": "app.usercourse", "pk": 6, "fields": {"user": ["Sharykhan"], "course": 3, "paid": false, "date": "2025-02-24T15:31:24.957Z"}}, {"model": "app.usercourse", "pk": 7, "fields": {"user": ["Sharykhan"], "course": 2, "paid": true, "date": "2025-02-25T03:29:10.535Z"}}, {"model": "app.usercourse", "pk": 8, "fields": {"user": ["Sharykhan"], "course": 4, "paid": false, "date": "2025-02-25T06:38:01.227Z"}}, {"model": "app.billingdetails", "pk": 1, "fields": {"user": ["Sharykhan"], "first_name": "Shahriyar", "last_name": "Khan", "email": "shahriyarkhanpk1@gmail.com", "address": "Peshawer Ring Road , Patang Chowk , Afghan Colony , Umair Plaza/Hostel plate 6 room 2", "city": "patang chowk apfghan colony", "country": "PK", "postcode": "122", "phone": "+923420243264"}}, {"model": "app.billingdetails", "pk": 2, "fields": {"user": ["Sharykhan"], "first_name": "Shahriyar", "last_name": "Khan", "email": "shahriyarkhanpk1@gmail.com", "address": "Peshawer Ring Road , Patang Chowk , Afghan Colony , Umair Plaza/Hostel plate 6 room 2", "city": "patang chowk apfghan colony", "country": "PK", "postcode": "122", "phone": "+923420243264"}}, {"model": "app.billingdetails", "pk": 3, "fields": {"user": ["Sharykhan"], "first_name": "Shahriyar", "last_name": "Khan", "email": "shahriyarkhanpk1@gmail.com", "address": "Peshawer Ring Road , Patang Chowk , Afghan Colony , Umair Plaza/Hostel plate 6 room 2", "city": "patang chowk apfghan colony", "country": "PK", "postcode": "122", "phone": "+923420243264"}}, {"model": "app.billingdetails", "pk": 4, "fields": {"user": ["Sharykhan"], "first_name": "Shahriyar", "last_name": "Khan", "email": "shahriyarkhanpk1@gmail.com", "address": "Peshawer Ring Road , Patang Chowk , Afghan Colony , Umair Plaza/Hostel plate 6 room 2", "city": "patang chowk apfghan colony", "country": "PK", "postcode": "123", "phone": "+923420243264"}}, {"model": "app.billingdetails", "pk": 5, "fields": {"user": ["Sharykhan"], "first_name": "Shahriyar", "last_name": "Khan", "email": "shahriyarkhanpk1@gmail.com", "address": "Peshawer Ring Road , Patang Chowk , Afghan Colony , Umair Plaza/Hostel plate 6 room 2", "city": "patang chowk apfghan colony", "country": "PK", "postcode": "122", "phone": "+923420243264"}}, {"model": "app.billingdetails", "pk": 6, "fields": {"user": ["Sharykhan"], "first_name": "Shahriyar", "last_name": "Khan", "email": "shahriyarkhanpk1@gmail.com", "address": "Peshawer Ring Road , Patang Chowk , Afghan Colony , Umair Plaza/Hostel plate 6 room 2", "city": "patang chowk apfghan colony", "country": "PK", "postcode": "122", "phone": "+923420243264"}}, {"model": "app.billingdetails", "pk": 7, "fields": {"user": ["Sharykhan"], "first_name": "Shahriyar", "last_name": "Khan", "email": "shahriyarkhanpk1@gmail.com", "address": "Peshawer Ring Road , Patang Chowk , Afghan Colony , Umair Plaza/Hostel plate 6 room 2", "city": "patang chowk apfghan colony", "country": "PK", "postcode": "123", "phone": "+923420243264"}}, {"model": "app.payment", "pk": 1, "fields": {"order_id": null, "payment_id": "pi_3Qvmq12LwnSeLllT0nbnSJzv", "user_course": null, "user": ["Sharykhan"], "course": 1, "billing_details": 1, "date": "2025-02-23T21:35:51.983Z", "status": true, "amount": "600.00"}}, {"model": "app.payment", "pk": 2, "fields": {"order_id": null, "payment_id": "pi_3Qw2Qo2LwnSeLllT17o1QbiI", "user_course": null, "user": ["Sharykhan"], "course": 2, "billing_details": 5, "date": "2025-02-24T14:14:53.248Z", "status": true, "amount": "80.00"}}, {"model": "app.payment", "pk": 3, "fields": {"order_id": null, "payment_id": "pi_3Qw2SI2LwnSeLllT0PnI04QE", "user_course": null, "user": ["Sharykhan"], "course": 2, "billing_details": 6, "date": "2025-02-24T14:16:25.135Z", "status": true, "amount": "80.00"}}, {"model": "app.payment", "pk": 4, "fields": {"order_id": null, "payment_id": "pi_3QwEpS2LwnSeLllT0oTlsYUg", "user_course": null, "user": ["Sharykhan"], "course": 2, "billing_details": 7, "date": "2025-02-25T03:29:10.511Z", "status": true, "amount": "80.00"}}, {"model": "app.review", "pk": 1, "fields": {"user": ["Sharykhan"], "course": 1, "content": "good one", "course_rating": 3, "instructor_rating": 3, "created_at": "2025-02-23T19:31:21.053Z"}}, {"model": "app.review", "pk": 2, "fields": {"user": ["Sharykhan"], "course": 1, "content": "ggg", "course_rating": 5, "instructor_rating": 5, "created_at": "2025-02-23T19:33:29.424Z"}}, {"model": "app.quiz", "pk": 1, "fields": {"course": 1, "lesson": 20, "title": "Quiz_1", "time_limit": 2, "max_attempts": 1, "quiz_file": "Media/quiz_files/python_quiz1_8mch4od.txt"}}, {"model": "app.question", "pk": 1, "fields": {"quiz": 1, "text": "What is the correct file extension for Python files?"}}, {"model": "app.question", "pk": 2, "fields": {"quiz": 1, "text": "Which of the following is used to display output in Python?"}}, {"model": "app.question", "pk": 3, "fields": {"quiz": 1, "text": "Which data type is used to store a sequence of characters in Python?"}}, {"model": "app.question", "pk": 4, "fields": {"quiz": 1, "text": "What will be the output of `print(3 * 'Hello ')`?"}}, {"model": "app.question", "pk": 5, "fields": {"quiz": 1, "text": "Which of the following is a valid variable name in Python?"}}, {"model": "app.question", "pk": 6, "fields": {"quiz": 1, "text": "Which keyword is used to define a function in Python?"}}, {"model": "app.question", "pk": 7, "fields": {"quiz": 1, "text": "How do you start a comment in Python?"}}, {"model": "app.question", "pk": 8, "fields": {"quiz": 1, "text": "What is the output of `print(type(10))`?"}}, {"model": "app.question", "pk": 9, "fields": {"quiz": 1, "text": "Which operator is used for exponentiation (power) in Python?"}}, {"model": "app.question", "pk": 10, "fields": {"quiz": 1, "text": "What will `bool([])` return?"}}, {"model": "app.option", "pk": 1, "fields": {"question": 1, "text": ".py", "is_correct": true}}, {"model": "app.option", "pk": 2, "fields": {"question": 1, "text": ".pyt", "is_correct": false}}, {"model": "app.option", "pk": 3, "fields": {"question": 1, "text": ".python", "is_correct": false}}, {"model": "app.option", "pk": 4, "fields": {"question": 1, "text": ".pt", "is_correct": false}}, {"model": "app.option", "pk": 5, "fields": {"question": 2, "text": "print()", "is_correct": true}}, {"model": "app.option", "pk": 6, "fields": {"question": 2, "text": "echo()", "is_correct": false}}, {"model": "app.option", "pk": 7, "fields": {"question": 2, "text": "display()", "is_correct": false}}, {"model": "app.option", "pk": 8, "fields": {"question": 2, "text": "write()", "is_correct": false}}, {"model": "app.option", "pk": 9, "fields": {"question": 3, "text": "int", "is_correct": false}}, {"model": "app.option", "pk": 10, "fields": {"question": 3, "text": "str", "is_correct": true}}, {"model": "app.option", "pk": 11, "fields": {"question": 3, "text": "list", "is_correct": false}}, {"model": "app.option", "pk": 12, "fields": {"question": 3, "text": "bool", "is_correct": false}}, {"model": "app.option", "pk": 13, "fields": {"question": 4, "text": "Hello Hello Hello", "is_correct": true}}, {"model": "app.option", "pk": 14, "fields": {"question": 4, "text": "3Hello", "is_correct": false}}, {"model": "app.option", "pk": 15, "fields": {"question": 4, "text": "Hello * 3", "is_correct": false}}, {"model": "app.option", "pk": 16, "fields": {"question": 4, "text": "HelloHelloHello", "is_correct": false}}, {"model": "app.option", "pk": 17, "fields": {"question": 5, "text": "2var", "is_correct": false}}, {"model": "app.option", "pk": 18, "fields": {"question": 5, "text": "var_2", "is_correct": true}}, {"model": "app.option", "pk": 19, "fields": {"question": 5, "text": "var-2", "is_correct": false}}, {"model": "app.option", "pk": 20, "fields": {"question": 5, "text": "var 2", "is_correct": false}}, {"model": "app.option", "pk": 21, "fields": {"question": 6, "text": "define", "is_correct": false}}, {"model": "app.option", "pk": 22, "fields": {"question": 6, "text": "function", "is_correct": false}}, {"model": "app.option", "pk": 23, "fields": {"question": 6, "text": "def", "is_correct": true}}, {"model": "app.option", "pk": 24, "fields": {"question": 6, "text": "func", "is_correct": false}}, {"model": "app.option", "pk": 25, "fields": {"question": 7, "text": "//", "is_correct": false}}, {"model": "app.option", "pk": 26, "fields": {"question": 7, "text": "--", "is_correct": false}}, {"model": "app.option", "pk": 27, "fields": {"question": 7, "text": "/*", "is_correct": false}}, {"model": "app.option", "pk": 28, "fields": {"question": 7, "text": "#", "is_correct": true}}, {"model": "app.option", "pk": 29, "fields": {"question": 8, "text": "<class 'int'>", "is_correct": true}}, {"model": "app.option", "pk": 30, "fields": {"question": 8, "text": "<type 'integer'>", "is_correct": false}}, {"model": "app.option", "pk": 31, "fields": {"question": 8, "text": "integer", "is_correct": false}}, {"model": "app.option", "pk": 32, "fields": {"question": 8, "text": "<class 'str'>", "is_correct": false}}, {"model": "app.option", "pk": 33, "fields": {"question": 9, "text": "^", "is_correct": false}}, {"model": "app.option", "pk": 34, "fields": {"question": 9, "text": "**", "is_correct": true}}, {"model": "app.option", "pk": 35, "fields": {"question": 9, "text": "//", "is_correct": false}}, {"model": "app.option", "pk": 36, "fields": {"question": 9, "text": "%", "is_correct": false}}, {"model": "app.option", "pk": 37, "fields": {"question": 10, "text": "True", "is_correct": false}}, {"model": "app.option", "pk": 38, "fields": {"question": 10, "text": "False", "is_correct": true}}, {"model": "app.option", "pk": 39, "fields": {"question": 10, "text": "None", "is_correct": false}}, {"model": "app.option", "pk": 40, "fields": {"question": 10, "text": "Error", "is_correct": false}}, {"model": "app.userrecord", "pk": 1, "fields": {"user": ["Sharykhan"], "quiz": 1, "score": 4, "highest_score": 4, "total_questions": 10, "correct_answers": 4, "start_time": "2025-02-24T15:00:54.377Z", "end_time": "2025-02-24T15:01:23.398Z", "attempts_left": 0, "current_question_index": 0}}, {"model": "app.useranswer", "pk": 1, "fields": {"user_record": 1, "question": 1, "selected_option": 1, "is_correct": true}}, {"model": "app.useranswer", "pk": 2, "fields": {"user_record": 1, "question": 2, "selected_option": 6, "is_correct": false}}, {"model": "app.useranswer", "pk": 3, "fields": {"user_record": 1, "question": 3, "selected_option": 9, "is_correct": false}}, {"model": "app.useranswer", "pk": 4, "fields": {"user_record": 1, "question": 4, "selected_option": 15, "is_correct": false}}, {"model": "app.useranswer", "pk": 5, "fields": {"user_record": 1, "question": 5, "selected_option": 18, "is_correct": true}}, {"model": "app.useranswer", "pk": 6, "fields": {"user_record": 1, "question": 6, "selected_option": 22, "is_correct": false}}, {"model": "app.useranswer", "pk": 7, "fields": {"user_record": 1, "question": 7, "selected_option": 26, "is_correct": false}}, {"model": "app.useranswer", "pk": 8, "fields": {"user_record": 1, "question": 8, "selected_option": 30, "is_correct": false}}, {"model": "app.useranswer", "pk": 9, "fields": {"user_record": 1, "question": 9, "selected_option": 34, "is_correct": true}}, {"model": "app.useranswer", "pk": 10, "fields": {"user_record": 1, "question": 10, "selected_option": 38, "is_correct": true}}, {"model": "app.assignment", "pk": 1, "fields": {"course": 1, "lesson_name": 20, "title": "Assignment_1", "description": "Write a  program for add two numbers", "pdf_file": "Media/assignments/pdfs/python_quiz1.txt", "time_limit": 60}}, {"model": "app.submission", "pk": 7, "fields": {"assignment": 1, "student": ["Sharykhan"], "submission_text": "aaaaaaaaaaaaaaaaaaaaa", "file_upload": "", "grade": "Pending", "status": "submitted", "submitted_at": "2025-02-24T18:05:16.672Z", "start_time": 1740420308, "end_time": null}}, {"model": "admin.logentry", "pk": 267, "fields": {"action_time": "2024-12-26T03:57:35.777Z", "user": ["Sharykhan"], "content_type": ["app", "categories"], "object_id": "6", "object_repr": "Java", "action_flag": 1, "change_message": "[{\"added\": {}}]"}}, {"model": "admin.logentry", "pk": 268, "fields": {"action_time": "2024-12-26T03:58:40.584Z", "user": ["Sharykhan"], "content_type": ["app", "categories"], "object_id": "7", "object_repr": "PHP", "action_flag": 1, "change_message": "[{\"added\": {}}]"}}, {"model": "admin.logentry", "pk": 269, "fields": {"action_time": "2024-12-26T03:59:36.002Z", "user": ["Sharykhan"], "content_type": ["app", "categories"], "object_id": "8", "object_repr": "HTML", "action_flag": 1, "change_message": "[{\"added\": {}}]"}}, {"model": "admin.logentry", "pk": 270, "fields": {"action_time": "2024-12-26T04:00:09.695Z", "user": ["Sharykhan"], "content_type": ["app", "categories"], "object_id": "9", "object_repr": "CSS", "action_flag": 1, "change_message": "[{\"added\": {}}]"}}, {"model": "admin.logentry", "pk": 271, "fields": {"action_time": "2024-12-26T04:02:16.144Z", "user": ["Sharykhan"], "content_type": ["app", "author"], "object_id": "6", "object_repr": "CodeWithHarry", "action_flag": 1, "change_message": "[{\"added\": {}}]"}}, {"model": "admin.logentry", "pk": 272, "fields": {"action_time": "2024-12-26T04:03:54.648Z", "user": ["Sharykhan"], "content_type": ["app", "author"], "object_id": "7", "object_repr": "Anuj Bhaiya", "action_flag": 1, "change_message": "[{\"added\": {}}]"}}, {"model": "admin.logentry", "pk": 273, "fields": {"action_time": "2024-12-26T04:06:49.898Z", "user": ["Sharykhan"], "content_type": ["app", "course"], "object_id": "12", "object_repr": "Introduction To CSS", "action_flag": 1, "change_message": "[{\"added\": {}}]"}}, {"model": "admin.logentry", "pk": 274, "fields": {"action_time": "2024-12-26T04:08:16.479Z", "user": ["Sharykhan"], "content_type": ["app", "course"], "object_id": "13", "object_repr": "Introduction to HTML", "action_flag": 1, "change_message": "[{\"added\": {}}]"}}, {"model": "admin.logentry", "pk": 275, "fields": {"action_time": "2024-12-26T04:09:22.236Z", "user": ["Sharykhan"], "content_type": ["app", "course"], "object_id": "13", "object_repr": "Introduction to HTML", "action_flag": 2, "change_message": "[{\"changed\": {\"fields\": [\"Featured image\"]}}]"}}, {"model": "admin.logentry", "pk": 276, "fields": {"action_time": "2024-12-26T06:25:15.296Z", "user": ["Sharykhan"], "content_type": ["app", "course"], "object_id": "13", "object_repr": "Introduction to HTML", "action_flag": 2, "change_message": "[{\"changed\": {\"fields\": [\"Price\", \"Discount\"]}}]"}}, {"model": "admin.logentry", "pk": 277, "fields": {"action_time": "2024-12-26T06:25:49.935Z", "user": ["Sharykhan"], "content_type": ["app", "usercourse"], "object_id": "19", "object_repr": " - Introduction to HTML", "action_flag": 3, "change_message": ""}}, {"model": "admin.logentry", "pk": 278, "fields": {"action_time": "2025-01-02T18:23:12.990Z", "user": ["Sharykhan"], "content_type": ["app", "assignment"], "object_id": "2", "object_repr": "Assignment 2 - Python Full Course", "action_flag": 2, "change_message": "[]"}}, {"model": "admin.logentry", "pk": 279, "fields": {"action_time": "2025-01-02T18:26:49.291Z", "user": ["Sharykhan"], "content_type": ["app", "submission"], "object_id": "25", "object_repr": "Submission by Sharykhan for Assignment 1", "action_flag": 3, "change_message": ""}}, {"model": "admin.logentry", "pk": 280, "fields": {"action_time": "2025-01-02T18:26:58.520Z", "user": ["Sharykhan"], "content_type": ["app", "submission"], "object_id": "24", "object_repr": "Submission by Shary for Assignment 1", "action_flag": 3, "change_message": ""}}, {"model": "admin.logentry", "pk": 281, "fields": {"action_time": "2025-01-02T18:36:58.957Z", "user": ["Sharykhan"], "content_type": ["app", "submission"], "object_id": "27", "object_repr": "Submission by Sharykhan for Assignment 2", "action_flag": 3, "change_message": ""}}, {"model": "admin.logentry", "pk": 282, "fields": {"action_time": "2025-01-02T18:37:07.381Z", "user": ["Sharykhan"], "content_type": ["app", "submission"], "object_id": "26", "object_repr": "Submission by Sharykhan for Assignment 1", "action_flag": 3, "change_message": ""}}, {"model": "admin.logentry", "pk": 283, "fields": {"action_time": "2025-01-02T18:43:02.233Z", "user": ["Sharykhan"], "content_type": ["app", "submission"], "object_id": "28", "object_repr": "Submission by Sharykhan for Assignment 1", "action_flag": 3, "change_message": ""}}, {"model": "admin.logentry", "pk": 284, "fields": {"action_time": "2025-01-02T18:52:44.062Z", "user": ["Sharykhan"], "content_type": ["app", "what_you_learn"], "object_id": "48", "object_repr": "Polymorphism: Allows methods to have the same name but behave differently in different classes.", "action_flag": 2, "change_message": "[]"}}, {"model": "admin.logentry", "pk": 285, "fields": {"action_time": "2025-01-02T18:52:55.725Z", "user": ["Sharykhan"], "content_type": ["app", "author"], "object_id": "6", "object_repr": "CodeWithHarry", "action_flag": 2, "change_message": "[]"}}, {"model": "admin.logentry", "pk": 286, "fields": {"action_time": "2025-01-02T18:53:08.528Z", "user": ["Sharykhan"], "content_type": ["app", "userrecord"], "object_id": "48", "object_repr": "Quiz: Quiz 1 | User: Sharykhan | Score: 4", "action_flag": 2, "change_message": "[]"}}, {"model": "admin.logentry", "pk": 287, "fields": {"action_time": "2025-01-02T18:53:14.122Z", "user": ["Sharykhan"], "content_type": ["app", "userrecord"], "object_id": "48", "object_repr": "Quiz: Quiz 1 | User: Sharykhan | Score: 4", "action_flag": 2, "change_message": "[]"}}, {"model": "admin.logentry", "pk": 291, "fields": {"action_time": "2025-01-03T16:22:18.512Z", "user": ["Sharykhan"], "content_type": ["auth", "user"], "object_id": "15", "object_repr": "shahriyarkhan", "action_flag": 3, "change_message": ""}}, {"model": "admin.logentry", "pk": 292, "fields": {"action_time": "2025-01-03T16:22:47.944Z", "user": ["Sharykhan"], "content_type": ["auth", "user"], "object_id": "13", "object_repr": "sharykhan", "action_flag": 2, "change_message": "[{\"changed\": {\"fields\": [\"Email address\"]}}]"}}, {"model": "admin.logentry", "pk": 293, "fields": {"action_time": "2025-01-04T13:46:26.383Z", "user": ["Sharykhan"], "content_type": ["app", "author"], "object_id": "7", "object_repr": "Anuj Bhaiya", "action_flag": 2, "change_message": "[{\"changed\": {\"fields\": [\"Skill\", \"About author\", \"Linkedin\", \"Facebook\"]}}]"}}, {"model": "admin.logentry", "pk": 294, "fields": {"action_time": "2025-01-04T13:46:39.083Z", "user": ["Sharykhan"], "content_type": ["app", "author"], "object_id": "3", "object_repr": "Shradha Khapra", "action_flag": 2, "change_message": "[{\"changed\": {\"fields\": [\"Linkedin\", \"Facebook\"]}}]"}}, {"model": "admin.logentry", "pk": 295, "fields": {"action_time": "2025-01-05T22:53:36.585Z", "user": ["Sharykhan"], "content_type": ["app", "submission"], "object_id": "29", "object_repr": "Submission by Sharykhan for Assignment 1", "action_flag": 3, "change_message": ""}}, {"model": "admin.logentry", "pk": 296, "fields": {"action_time": "2025-01-05T22:54:14.187Z", "user": ["Sharykhan"], "content_type": ["app", "userrecord"], "object_id": "48", "object_repr": "Quiz: Quiz 1 | User: Sharykhan | Score: 4", "action_flag": 3, "change_message": ""}}, {"model": "admin.logentry", "pk": 297, "fields": {"action_time": "2025-01-05T22:54:14.187Z", "user": ["Sharykhan"], "content_type": ["app", "userrecord"], "object_id": "47", "object_repr": "Quiz: Quiz 1 | User: Shary | Score: 1", "action_flag": 3, "change_message": ""}}, {"model": "admin.logentry", "pk": 298, "fields": {"action_time": "2025-01-05T22:55:35.436Z", "user": ["Sharykhan"], "content_type": ["app", "submission"], "object_id": "30", "object_repr": "Submission by Sharykhan for Assignment 2", "action_flag": 2, "change_message": "[{\"changed\": {\"fields\": [\"Grade\"]}}]"}}, {"model": "admin.logentry", "pk": 299, "fields": {"action_time": "2025-01-05T22:56:04.488Z", "user": ["Sharykhan"], "content_type": ["app", "submission"], "object_id": "30", "object_repr": "Submission by Sharykhan for Assignment 2", "action_flag": 3, "change_message": ""}}, {"model": "admin.logentry", "pk": 300, "fields": {"action_time": "2025-02-22T14:17:24.390Z", "user": ["Sharykhan"], "content_type": ["app", "usercourse"], "object_id": "22", "object_repr": " - Introduction To CSS", "action_flag": 3, "change_message": ""}}, {"model": "admin.logentry", "pk": 301, "fields": {"action_time": "2025-02-22T14:17:24.390Z", "user": ["Sharykhan"], "content_type": ["app", "usercourse"], "object_id": "21", "object_repr": " - OOPS in Python", "action_flag": 3, "change_message": ""}}, {"model": "admin.logentry", "pk": 302, "fields": {"action_time": "2025-02-22T14:17:24.390Z", "user": ["Sharykhan"], "content_type": ["app", "usercourse"], "object_id": "20", "object_repr": "Shahriyarkhan - Python Full Course", "action_flag": 3, "change_message": ""}}, {"model": "admin.logentry", "pk": 303, "fields": {"action_time": "2025-02-22T14:17:24.390Z", "user": ["Sharykhan"], "content_type": ["app", "usercourse"], "object_id": "18", "object_repr": " - Python Full Course", "action_flag": 3, "change_message": ""}}, {"model": "admin.logentry", "pk": 304, "fields": {"action_time": "2025-02-22T15:36:51.253Z", "user": ["Sharykhan"], "content_type": ["app", "usercourse"], "object_id": "23", "object_repr": " - Introduction To CSS", "action_flag": 3, "change_message": ""}}, {"model": "admin.logentry", "pk": 305, "fields": {"action_time": "2025-02-22T15:37:14.676Z", "user": ["Sharykhan"], "content_type": ["app", "usercourse"], "object_id": "24", "object_repr": " - Introduction to HTML", "action_flag": 3, "change_message": ""}}, {"model": "admin.logentry", "pk": 306, "fields": {"action_time": "2025-02-22T15:38:43.614Z", "user": ["Sharykhan"], "content_type": ["app", "payment"], "object_id": "2", "object_repr": " -- Introduction to HTML", "action_flag": 3, "change_message": ""}}, {"model": "admin.logentry", "pk": 307, "fields": {"action_time": "2025-02-22T15:38:43.614Z", "user": ["Sharykhan"], "content_type": ["app", "payment"], "object_id": "1", "object_repr": " -- Introduction to HTML", "action_flag": 3, "change_message": ""}}, {"model": "admin.logentry", "pk": 308, "fields": {"action_time": "2025-02-22T15:42:20.246Z", "user": ["Sharykhan"], "content_type": ["app", "usercourse"], "object_id": "25", "object_repr": " - Introduction to HTML", "action_flag": 3, "change_message": ""}}, {"model": "admin.logentry", "pk": 309, "fields": {"action_time": "2025-02-22T15:51:27.123Z", "user": ["Sharykhan"], "content_type": ["app", "usercourse"], "object_id": "27", "object_repr": " - OOPS in Python", "action_flag": 3, "change_message": ""}}, {"model": "admin.logentry", "pk": 310, "fields": {"action_time": "2025-02-22T15:51:27.123Z", "user": ["Sharykhan"], "content_type": ["app", "usercourse"], "object_id": "26", "object_repr": " - Introduction to HTML", "action_flag": 3, "change_message": ""}}, {"model": "admin.logentry", "pk": 311, "fields": {"action_time": "2025-02-22T15:54:39.926Z", "user": ["Sharykhan"], "content_type": ["app", "usercourse"], "object_id": "28", "object_repr": " - Introduction to HTML", "action_flag": 3, "change_message": ""}}, {"model": "admin.logentry", "pk": 312, "fields": {"action_time": "2025-02-22T17:41:13.648Z", "user": ["Sharykhan"], "content_type": ["app", "usercourse"], "object_id": "29", "object_repr": " - Introduction to HTML", "action_flag": 3, "change_message": ""}}, {"model": "admin.logentry", "pk": 313, "fields": {"action_time": "2025-02-22T18:04:07.821Z", "user": ["Sharykhan"], "content_type": ["app", "usercourse"], "object_id": "30", "object_repr": " - Introduction to HTML", "action_flag": 3, "change_message": ""}}, {"model": "admin.logentry", "pk": 314, "fields": {"action_time": "2025-02-22T18:27:33.475Z", "user": ["Sharykhan"], "content_type": ["app", "payment"], "object_id": "7", "object_repr": " -- Introduction to HTML", "action_flag": 3, "change_message": ""}}, {"model": "admin.logentry", "pk": 315, "fields": {"action_time": "2025-02-22T18:27:33.475Z", "user": ["Sharykhan"], "content_type": ["app", "payment"], "object_id": "6", "object_repr": " -- Introduction to HTML", "action_flag": 3, "change_message": ""}}, {"model": "admin.logentry", "pk": 316, "fields": {"action_time": "2025-02-22T18:27:33.475Z", "user": ["Sharykhan"], "content_type": ["app", "payment"], "object_id": "5", "object_repr": " -- Introduction to HTML", "action_flag": 3, "change_message": ""}}, {"model": "admin.logentry", "pk": 317, "fields": {"action_time": "2025-02-22T18:27:33.475Z", "user": ["Sharykhan"], "content_type": ["app", "payment"], "object_id": "4", "object_repr": " -- Introduction to HTML", "action_flag": 3, "change_message": ""}}, {"model": "admin.logentry", "pk": 318, "fields": {"action_time": "2025-02-22T18:27:33.475Z", "user": ["Sharykhan"], "content_type": ["app", "payment"], "object_id": "3", "object_repr": " -- Introduction to HTML", "action_flag": 3, "change_message": ""}}, {"model": "admin.logentry", "pk": 319, "fields": {"action_time": "2025-02-22T18:27:43.893Z", "user": ["Sharykhan"], "content_type": ["app", "usercourse"], "object_id": "31", "object_repr": " - Introduction to HTML", "action_flag": 3, "change_message": ""}}, {"model": "admin.logentry", "pk": 320, "fields": {"action_time": "2025-02-23T06:27:07.836Z", "user": ["Sharykhan"], "content_type": ["app", "payment"], "object_id": "8", "object_repr": " -- Introduction to HTML", "action_flag": 3, "change_message": ""}}, {"model": "admin.logentry", "pk": 321, "fields": {"action_time": "2025-02-23T06:27:17.225Z", "user": ["Sharykhan"], "content_type": ["app", "usercourse"], "object_id": "32", "object_repr": " - Introduction to HTML", "action_flag": 3, "change_message": ""}}, {"model": "admin.logentry", "pk": 322, "fields": {"action_time": "2025-02-23T06:33:02.067Z", "user": ["Sharykhan"], "content_type": ["app", "course"], "object_id": "11", "object_repr": "OOPS in Python", "action_flag": 2, "change_message": "[{\"changed\": {\"fields\": [\"Price\", \"Discount\"]}}]"}}, {"model": "admin.logentry", "pk": 323, "fields": {"action_time": "2025-02-23T06:34:37.126Z", "user": ["Sharykhan"], "content_type": ["app", "userrecord"], "object_id": "49", "object_repr": "Quiz: Quiz 1 | User: Sharykhan | Score: 0", "action_flag": 3, "change_message": ""}}, {"model": "admin.logentry", "pk": 324, "fields": {"action_time": "2025-02-23T06:35:06.875Z", "user": ["Sharykhan"], "content_type": ["app", "usercourse"], "object_id": "34", "object_repr": " - OOPS in Python", "action_flag": 3, "change_message": ""}}, {"model": "admin.logentry", "pk": 325, "fields": {"action_time": "2025-02-23T06:35:06.875Z", "user": ["Sharykhan"], "content_type": ["app", "usercourse"], "object_id": "33", "object_repr": " - Introduction to HTML", "action_flag": 3, "change_message": ""}}, {"model": "admin.logentry", "pk": 326, "fields": {"action_time": "2025-02-23T18:24:10.932Z", "user": ["Sharykhan"], "content_type": ["app", "author"], "object_id": "1", "object_repr": "Haris Ali Khan", "action_flag": 1, "change_message": "[{\"added\": {}}]"}}, {"model": "admin.logentry", "pk": 327, "fields": {"action_time": "2025-02-23T18:28:43.015Z", "user": ["Sharykhan"], "content_type": ["app", "author"], "object_id": "2", "object_repr": "Hitesh Choudhary", "action_flag": 1, "change_message": "[{\"added\": {}}]"}}, {"model": "admin.logentry", "pk": 328, "fields": {"action_time": "2025-02-23T18:33:53.552Z", "user": ["Sharykhan"], "content_type": ["app", "author"], "object_id": "3", "object_repr": "Abijeet Gupta", "action_flag": 1, "change_message": "[{\"added\": {}}]"}}, {"model": "admin.logentry", "pk": 329, "fields": {"action_time": "2025-02-23T18:37:57.853Z", "user": ["Sharykhan"], "content_type": ["app", "author"], "object_id": "4", "object_repr": "Anil Sidhu", "action_flag": 1, "change_message": "[{\"added\": {}}]"}}, {"model": "admin.logentry", "pk": 330, "fields": {"action_time": "2025-02-23T18:41:02.337Z", "user": ["Sharykhan"], "content_type": ["app", "author"], "object_id": "5", "object_repr": "Rishabh Mishra", "action_flag": 1, "change_message": "[{\"added\": {}}]"}}, {"model": "admin.logentry", "pk": 331, "fields": {"action_time": "2025-02-23T18:44:55.076Z", "user": ["Sharykhan"], "content_type": ["app", "author"], "object_id": "6", "object_repr": "Shradha Khapra", "action_flag": 1, "change_message": "[{\"added\": {}}]"}}, {"model": "admin.logentry", "pk": 332, "fields": {"action_time": "2025-02-23T19:10:08.335Z", "user": ["Sharykhan"], "content_type": ["app", "categories"], "object_id": "1", "object_repr": "Python", "action_flag": 1, "change_message": "[{\"added\": {}}]"}}, {"model": "admin.logentry", "pk": 333, "fields": {"action_time": "2025-02-23T19:11:53.956Z", "user": ["Sharykhan"], "content_type": ["app", "level"], "object_id": "1", "object_repr": "Beginner", "action_flag": 1, "change_message": "[{\"added\": {}}]"}}, {"model": "admin.logentry", "pk": 334, "fields": {"action_time": "2025-02-23T19:12:15.134Z", "user": ["Sharykhan"], "content_type": ["app", "level"], "object_id": "2", "object_repr": "Intermediate", "action_flag": 1, "change_message": "[{\"added\": {}}]"}}, {"model": "admin.logentry", "pk": 335, "fields": {"action_time": "2025-02-23T19:12:22.401Z", "user": ["Sharykhan"], "content_type": ["app", "level"], "object_id": "3", "object_repr": "Advanced", "action_flag": 1, "change_message": "[{\"added\": {}}]"}}, {"model": "admin.logentry", "pk": 336, "fields": {"action_time": "2025-02-23T19:12:40.207Z", "user": ["Sharykhan"], "content_type": ["app", "language"], "object_id": "1", "object_repr": "English", "action_flag": 1, "change_message": "[{\"added\": {}}]"}}, {"model": "admin.logentry", "pk": 337, "fields": {"action_time": "2025-02-23T19:12:43.732Z", "user": ["Sharykhan"], "content_type": ["app", "language"], "object_id": "2", "object_repr": "Urdu", "action_flag": 1, "change_message": "[{\"added\": {}}]"}}, {"model": "admin.logentry", "pk": 338, "fields": {"action_time": "2025-02-23T19:20:19.731Z", "user": ["Sharykhan"], "content_type": ["app", "course"], "object_id": "1", "object_repr": "Python for Beginners (Full Course)", "action_flag": 1, "change_message": "[{\"added\": {}}, {\"added\": {\"name\": \"what_you_learn\", \"object\": \"Python Basics: Variables, data types, and operators.\"}}, {\"added\": {\"name\": \"what_you_learn\", \"object\": \"Input/Output: Taking user input and displaying output.\"}}, {\"added\": {\"name\": \"what_you_learn\", \"object\": \"Control Structures: if-else, for loops, and while loops.\"}}, {\"added\": {\"name\": \"what_you_learn\", \"object\": \"Functions: Creating and using functions with parameters.\"}}, {\"added\": {\"name\": \"what_you_learn\", \"object\": \"Data Structures: Lists, tuples, dictionaries, and sets.\"}}, {\"added\": {\"name\": \"what_you_learn\", \"object\": \"File Handling: Reading and writing files.\"}}, {\"added\": {\"name\": \"what_you_learn\", \"object\": \"Object-Oriented Programming (OOP): Classes, objects, and inheritance.\"}}, {\"added\": {\"name\": \"what_you_learn\", \"object\": \"Modules and Libraries: Using built-in modules like math and random.\"}}, {\"added\": {\"name\": \"what_you_learn\", \"object\": \"Error Handling: Managing exceptions with try-except.\"}}, {\"added\": {\"name\": \"what_you_learn\", \"object\": \"Real-World Projects: Building practical applications.\"}}, {\"added\": {\"name\": \"requirements\", \"object\": \"A Computer: Windows, macOS, or Linux.\"}}, {\"added\": {\"name\": \"requirements\", \"object\": \"Python Installed: Download from python.org.\"}}, {\"added\": {\"name\": \"requirements\", \"object\": \"Code Editor: VS Code, PyCharm, or Python IDLE.\"}}, {\"added\": {\"name\": \"requirements\", \"object\": \"Internet Connection: For accessing videos and resources.\"}}, {\"added\": {\"name\": \"requirements\", \"object\": \"Basic Computer Skills: Navigating files and installing software.\"}}, {\"added\": {\"name\": \"requirements\", \"object\": \"Patience: Practice regularly to master concepts.\"}}, {\"added\": {\"name\": \"requirements\", \"object\": \"No Prior Experience: Perfect for absolute beginners.\"}}]"}}, {"model": "admin.logentry", "pk": 339, "fields": {"action_time": "2025-02-23T20:41:27.142Z", "user": ["Sharykhan"], "content_type": ["app", "lesson"], "object_id": "1", "object_repr": "Introduction to Programming & Python - Python for Beginners (Full Course)", "action_flag": 1, "change_message": "[{\"added\": {}}]"}}, {"model": "admin.logentry", "pk": 340, "fields": {"action_time": "2025-02-23T20:55:53.734Z", "user": ["Sharykhan"], "content_type": ["app", "course"], "object_id": "1", "object_repr": "Python for Beginners (Full Course)", "action_flag": 2, "change_message": "[{\"added\": {\"name\": \"lesson\", \"object\": \"Comments, Escape Sequences & Print Statement - Python for Beginners (Full Course)\"}}, {\"added\": {\"name\": \"video\", \"object\": \"Introduction to Programming & Python | Python Tutorial - Day #1\"}}, {\"added\": {\"name\": \"video\", \"object\": \"Some Amazing Python Programs - The Power of Python | Python Tutorial - Day #2\"}}, {\"added\": {\"name\": \"video\", \"object\": \"Modules and Pip | Python Tutorial - Day #3\"}}, {\"added\": {\"name\": \"video\", \"object\": \"Our First Python Program | Python Tutorial - Day #4\"}}, {\"added\": {\"name\": \"video\", \"object\": \"Comments, Escape Sequences & Print Statement | Python Tutorial - Day #5\"}}]"}}, {"model": "admin.logentry", "pk": 341, "fields": {"action_time": "2025-02-23T20:56:14.000Z", "user": ["Sharykhan"], "content_type": ["app", "course"], "object_id": "1", "object_repr": "Python for Beginners (Full Course)", "action_flag": 2, "change_message": "[{\"changed\": {\"name\": \"video\", \"object\": \"Comments, Escape Sequences & Print Statement | Python Tutorial - Day #5\", \"fields\": [\"Lesson\"]}}]"}}, {"model": "admin.logentry", "pk": 342, "fields": {"action_time": "2025-02-24T07:33:40.951Z", "user": ["Sharykhan"], "content_type": ["auth", "user"], "object_id": "12", "object_repr": "Shary", "action_flag": 3, "change_message": ""}}, {"model": "admin.logentry", "pk": 343, "fields": {"action_time": "2025-02-24T07:33:40.952Z", "user": ["Sharykhan"], "content_type": ["auth", "user"], "object_id": "13", "object_repr": "sharykhan", "action_flag": 3, "change_message": ""}}, {"model": "admin.logentry", "pk": 344, "fields": {"action_time": "2025-02-24T07:56:50.163Z", "user": ["Sharykhan"], "content_type": ["app", "course"], "object_id": "2", "object_repr": "OOPs In Python", "action_flag": 1, "change_message": "[{\"added\": {}}, {\"added\": {\"name\": \"what_you_learn\", \"object\": \"Fundamentals of Object-Oriented Programming (OOP) in Python\"}}, {\"added\": {\"name\": \"what_you_learn\", \"object\": \"Creating and managing classes and objects\"}}, {\"added\": {\"name\": \"what_you_learn\", \"object\": \"Abstraction\"}}, {\"added\": {\"name\": \"what_you_learn\", \"object\": \"Polymorphism\"}}, {\"added\": {\"name\": \"what_you_learn\", \"object\": \"Encapsulation\"}}, {\"added\": {\"name\": \"what_you_learn\", \"object\": \"Implementing real-world OOP projects in Python\"}}, {\"added\": {\"name\": \"what_you_learn\", \"object\": \"Best practices for writing modular and reusable code\"}}, {\"added\": {\"name\": \"requirements\", \"object\": \"Basic understanding of Python syntax\"}}, {\"added\": {\"name\": \"requirements\", \"object\": \"A computer with Python installed\"}}, {\"added\": {\"name\": \"requirements\", \"object\": \"A code editor (e.g., VS Code, PyCharm, or Jupyter Notebook)\"}}, {\"added\": {\"name\": \"requirements\", \"object\": \"A code editor (e.g., VS Code, PyCharm, or Jupyter Notebook)\"}}, {\"added\": {\"name\": \"requirements\", \"object\": \"Willingness to practice hands-on coding exercises\"}}, {\"added\": {\"name\": \"requirements\", \"object\": \"No prior OOP knowledge required (beginner-friendly)z\"}}, {\"added\": {\"name\": \"lesson\", \"object\": \"Object Oriented Programming Using Python Programming - OOPs In Python\"}}, {\"added\": {\"name\": \"lesson\", \"object\": \"Classes, Objects and Constructors - OOPs In Python\"}}, {\"added\": {\"name\": \"lesson\", \"object\": \"Inheritance In Python oops - OOPs In Python\"}}, {\"added\": {\"name\": \"lesson\", \"object\": \"Property Decorators, Setters & Deleters - OOPs In Python\"}}, {\"added\": {\"name\": \"lesson\", \"object\": \"Abstraction & Encapsulation - OOPs In Python\"}}]"}}, {"model": "admin.logentry", "pk": 345, "fields": {"action_time": "2025-02-24T08:05:34.049Z", "user": ["Sharykhan"], "content_type": ["app", "course"], "object_id": "2", "object_repr": "OOPs In Python", "action_flag": 2, "change_message": "[{\"added\": {\"name\": \"video\", \"object\": \"Why OOPs In Python?\"}}, {\"added\": {\"name\": \"video\", \"object\": \"Classes, Objects and Constructors | Object Oriented Programming Using Python Tutorial #2\"}}, {\"added\": {\"name\": \"video\", \"object\": \"Instance and Class Variables | Object Oriented Programming Using Python Tutorial #3\"}}, {\"added\": {\"name\": \"video\", \"object\": \"Inheritance In Python oops | Object Oriented Programming In Python Tutorial #4\"}}, {\"added\": {\"name\": \"video\", \"object\": \"Property Decorators, Setters & Deleters\"}}, {\"added\": {\"name\": \"video\", \"object\": \"Abstraction & Encapsulation | Python Tutorials For Absolute Beginners In Hindi #6\"}}]"}}, {"model": "admin.logentry", "pk": 346, "fields": {"action_time": "2025-02-24T08:06:47.941Z", "user": ["Sharykhan"], "content_type": ["app", "categories"], "object_id": "2", "object_repr": "Java", "action_flag": 1, "change_message": "[{\"added\": {}}]"}}, {"model": "admin.logentry", "pk": 347, "fields": {"action_time": "2025-02-24T08:09:52.652Z", "user": ["Sharykhan"], "content_type": ["app", "categories"], "object_id": "3", "object_repr": "PHP", "action_flag": 1, "change_message": "[{\"added\": {}}]"}}, {"model": "admin.logentry", "pk": 348, "fields": {"action_time": "2025-02-24T08:10:06.206Z", "user": ["Sharykhan"], "content_type": ["app", "categories"], "object_id": "4", "object_repr": "React", "action_flag": 1, "change_message": "[{\"added\": {}}]"}}, {"model": "admin.logentry", "pk": 349, "fields": {"action_time": "2025-02-24T08:10:19.523Z", "user": ["Sharykhan"], "content_type": ["app", "categories"], "object_id": "5", "object_repr": "HTML", "action_flag": 1, "change_message": "[{\"added\": {}}]"}}, {"model": "admin.logentry", "pk": 350, "fields": {"action_time": "2025-02-24T08:12:09.444Z", "user": ["Sharykhan"], "content_type": ["app", "course"], "object_id": "1", "object_repr": "Python for Beginners (Full Course)", "action_flag": 2, "change_message": "[{\"changed\": {\"fields\": [\"Price\", \"Discount\"]}}]"}}, {"model": "admin.logentry", "pk": 351, "fields": {"action_time": "2025-02-24T08:21:45.645Z", "user": ["Sharykhan"], "content_type": ["app", "course"], "object_id": "3", "object_repr": "Introduction to Java Language", "action_flag": 1, "change_message": "[{\"added\": {}}, {\"added\": {\"name\": \"what_you_learn\", \"object\": \"Java syntax and basic programming concepts\"}}, {\"added\": {\"name\": \"what_you_learn\", \"object\": \"OOP principles: encapsulation, inheritance, polymorphism\"}}, {\"added\": {\"name\": \"what_you_learn\", \"object\": \"Java Standard Library (Collections, Exceptions, etc.)\"}}, {\"added\": {\"name\": \"what_you_learn\", \"object\": \"File handling and database (JDBC)\"}}, {\"added\": {\"name\": \"what_you_learn\", \"object\": \"Multithreading and concurrency\"}}, {\"added\": {\"name\": \"what_you_learn\", \"object\": \"GUI development (JavaFX/Swing)\"}}, {\"added\": {\"name\": \"requirements\", \"object\": \"Basic programming knowledge (optional)\"}}, {\"added\": {\"name\": \"requirements\", \"object\": \"JDK installed on a computer\"}}, {\"added\": {\"name\": \"requirements\", \"object\": \"Any code editor or IDE (Eclipse, IntelliJ, NetBeans)\"}}, {\"added\": {\"name\": \"requirements\", \"object\": \"Willingness to practice coding\"}}, {\"added\": {\"name\": \"lesson\", \"object\": \"Introduction to Java Language - Introduction to Java Language\"}}, {\"added\": {\"name\": \"lesson\", \"object\": \"Variables in Java | Input Output - Introduction to Java Language\"}}, {\"added\": {\"name\": \"lesson\", \"object\": \"Conditional Statements - Introduction to Java Language\"}}, {\"added\": {\"name\": \"lesson\", \"object\": \"Loops in Java - Introduction to Java Language\"}}]"}}, {"model": "admin.logentry", "pk": 352, "fields": {"action_time": "2025-02-24T09:37:44.971Z", "user": ["Sharykhan"], "content_type": ["app", "course"], "object_id": "3", "object_repr": "Introduction to Java Language", "action_flag": 2, "change_message": "[{\"added\": {\"name\": \"video\", \"object\": \"Introduction to Java Language | Lecture 1\"}}, {\"added\": {\"name\": \"video\", \"object\": \"Variables in Java | Input Output | Complete Placement Course | Lecture 2\"}}, {\"added\": {\"name\": \"video\", \"object\": \"Conditional Statements | If-else, Switch Break | Complete Java Placement Course | Lecture 3\"}}]"}}, {"model": "admin.logentry", "pk": 353, "fields": {"action_time": "2025-02-24T09:55:18.054Z", "user": ["Sharykhan"], "content_type": ["app", "course"], "object_id": "4", "object_repr": "React JS roadmap", "action_flag": 1, "change_message": "[{\"added\": {}}, {\"added\": {\"name\": \"what_you_learn\", \"object\": \"Set up a React environment.\"}}, {\"added\": {\"name\": \"what_you_learn\", \"object\": \"Create reusable components.\"}}, {\"added\": {\"name\": \"what_you_learn\", \"object\": \"Manage state and props.\"}}, {\"added\": {\"name\": \"what_you_learn\", \"object\": \"Implement routing for navigation.\"}}, {\"added\": {\"name\": \"what_you_learn\", \"object\": \"Fetch and display API data.\"}}, {\"added\": {\"name\": \"what_you_learn\", \"object\": \"Handle forms and user input.\"}}, {\"added\": {\"name\": \"what_you_learn\", \"object\": \"Deploy the app on hosting services.\"}}, {\"added\": {\"name\": \"requirements\", \"object\": \"Basic HTML, CSS, JavaScript.\"}}, {\"added\": {\"name\": \"requirements\", \"object\": \"Node.js and npm installed.\"}}, {\"added\": {\"name\": \"requirements\", \"object\": \"ES6+ JavaScript knowledge.\"}}, {\"added\": {\"name\": \"requirements\", \"object\": \"A code editor (e.g., VS Code).\"}}, {\"added\": {\"name\": \"requirements\", \"object\": \"Understanding of components & state.\"}}, {\"added\": {\"name\": \"requirements\", \"object\": \"Git knowledge (optional).\"}}, {\"added\": {\"name\": \"requirements\", \"object\": \"API access for data fetching\"}}, {\"added\": {\"name\": \"lesson\", \"object\": \"React JS roadmap - React JS roadmap\"}}, {\"added\": {\"name\": \"lesson\", \"object\": \"Create react projects - React JS roadmap\"}}, {\"added\": {\"name\": \"lesson\", \"object\": \"Understand the react flow and structure - React JS roadmap\"}}, {\"added\": {\"name\": \"lesson\", \"object\": \"Create your own react library and JSX - React JS roadmap\"}}]"}}, {"model": "admin.logentry", "pk": 354, "fields": {"action_time": "2025-02-24T09:59:48.801Z", "user": ["Sharykhan"], "content_type": ["app", "course"], "object_id": "4", "object_repr": "React JS roadmap", "action_flag": 2, "change_message": "[{\"added\": {\"name\": \"video\", \"object\": \"React JS roadmap\"}}, {\"added\": {\"name\": \"video\", \"object\": \"Create react projects\"}}, {\"added\": {\"name\": \"video\", \"object\": \"Create react projects\"}}, {\"added\": {\"name\": \"video\", \"object\": \"Create your own react library and JSX\"}}]"}}, {"model": "admin.logentry", "pk": 355, "fields": {"action_time": "2025-02-24T10:09:15.826Z", "user": ["Sharykhan"], "content_type": ["app", "categories"], "object_id": "6", "object_repr": "Javascript", "action_flag": 1, "change_message": "[{\"added\": {}}]"}}, {"model": "admin.logentry", "pk": 356, "fields": {"action_time": "2025-02-24T10:14:40.806Z", "user": ["Sharykhan"], "content_type": ["app", "course"], "object_id": "5", "object_repr": "Javascript for beginners", "action_flag": 1, "change_message": "[{\"added\": {}}, {\"added\": {\"name\": \"what_you_learn\", \"object\": \"Basics of variables, data types, and operators.\"}}, {\"added\": {\"name\": \"what_you_learn\", \"object\": \"Working with functions and loops.\"}}, {\"added\": {\"name\": \"what_you_learn\", \"object\": \"Handling events like clicks and inputs.\"}}, {\"added\": {\"name\": \"what_you_learn\", \"object\": \"Manipulating the DOM to update web pages dynamically.\"}}, {\"added\": {\"name\": \"what_you_learn\", \"object\": \"Using arrays and objects to store and manage data.\"}}, {\"added\": {\"name\": \"what_you_learn\", \"object\": \"Fetching and handling data from APIs.\"}}, {\"added\": {\"name\": \"what_you_learn\", \"object\": \"Debugging errors using browser developer tools.\"}}, {\"added\": {\"name\": \"requirements\", \"object\": \"Basic understanding of HTML & CSS.\"}}, {\"added\": {\"name\": \"requirements\", \"object\": \"A web browser (Chrome, Firefox, etc.)\"}}, {\"added\": {\"name\": \"requirements\", \"object\": \"A text editor (VS Code, Sublime, etc.).\"}}, {\"added\": {\"name\": \"requirements\", \"object\": \"Willingness to learn and experiment\"}}, {\"added\": {\"name\": \"lesson\", \"object\": \"Introduction Javascript - Javascript for beginners\"}}, {\"added\": {\"name\": \"lesson\", \"object\": \"Datatypes and ECMA standards - Javascript for beginners\"}}, {\"added\": {\"name\": \"lesson\", \"object\": \"Stack and Heap memory in javascript - Javascript for beginners\"}}, {\"added\": {\"name\": \"lesson\", \"object\": \"Strings in Javascript - Javascript for beginners\"}}]"}}, {"model": "admin.logentry", "pk": 357, "fields": {"action_time": "2025-02-24T10:19:23.083Z", "user": ["Sharykhan"], "content_type": ["app", "course"], "object_id": "5", "object_repr": "Javascript for beginners", "action_flag": 2, "change_message": "[{\"added\": {\"name\": \"video\", \"object\": \"Javascript for beginners\"}}, {\"added\": {\"name\": \"video\", \"object\": \"Setting up environment in local machine for Javascript\"}}, {\"added\": {\"name\": \"video\", \"object\": \"Datatypes and ECMA standards\"}}, {\"added\": {\"name\": \"video\", \"object\": \"Stack and Heap memory in javascript\"}}]"}}, {"model": "admin.logentry", "pk": 358, "fields": {"action_time": "2025-02-24T10:20:27.638Z", "user": ["Sharykhan"], "content_type": ["app", "course"], "object_id": "4", "object_repr": "React JS roadmap", "action_flag": 2, "change_message": "[{\"changed\": {\"fields\": [\"Price\", \"Discount\"]}}]"}}, {"model": "admin.logentry", "pk": 359, "fields": {"action_time": "2025-02-24T10:20:55.457Z", "user": ["Sharykhan"], "content_type": ["app", "course"], "object_id": "2", "object_repr": "OOPs In Python", "action_flag": 2, "change_message": "[{\"changed\": {\"fields\": [\"Price\", \"Discount\"]}}]"}}, {"model": "admin.logentry", "pk": 360, "fields": {"action_time": "2025-02-24T10:21:16.065Z", "user": ["Sharykhan"], "content_type": ["app", "course"], "object_id": "1", "object_repr": "Python for Beginners (Full Course)", "action_flag": 2, "change_message": "[{\"changed\": {\"fields\": [\"Price\", \"Discount\"]}}]"}}, {"model": "admin.logentry", "pk": 361, "fields": {"action_time": "2025-02-24T14:15:43.026Z", "user": ["Sharykhan"], "content_type": ["app", "usercourse"], "object_id": "3", "object_repr": " - OOPs In Python", "action_flag": 3, "change_message": ""}}, {"model": "admin.logentry", "pk": 362, "fields": {"action_time": "2025-02-24T14:15:43.026Z", "user": ["Sharykhan"], "content_type": ["app", "usercourse"], "object_id": "2", "object_repr": " - Javascript for beginners", "action_flag": 3, "change_message": ""}}, {"model": "admin.logentry", "pk": 363, "fields": {"action_time": "2025-02-24T14:15:43.026Z", "user": ["Sharykhan"], "content_type": ["app", "usercourse"], "object_id": "1", "object_repr": " - Python for Beginners (Full Course)", "action_flag": 3, "change_message": ""}}, {"model": "admin.logentry", "pk": 364, "fields": {"action_time": "2025-02-24T14:17:17.487Z", "user": ["Sharykhan"], "content_type": ["app", "lesson"], "object_id": "20", "object_repr": "Assignments - Python for Beginners (Full Course)", "action_flag": 1, "change_message": "[{\"added\": {}}]"}}, {"model": "admin.logentry", "pk": 365, "fields": {"action_time": "2025-02-24T14:17:30.686Z", "user": ["Sharykhan"], "content_type": ["app", "lesson"], "object_id": "21", "object_repr": "Quizzes - Python for Beginners (Full Course)", "action_flag": 1, "change_message": "[{\"added\": {}}]"}}, {"model": "admin.logentry", "pk": 366, "fields": {"action_time": "2025-02-24T14:17:48.892Z", "user": ["Sharykhan"], "content_type": ["app", "lesson"], "object_id": "22", "object_repr": "Assignments - OOPs In Python", "action_flag": 1, "change_message": "[{\"added\": {}}]"}}, {"model": "admin.logentry", "pk": 367, "fields": {"action_time": "2025-02-24T14:18:02.052Z", "user": ["Sharykhan"], "content_type": ["app", "lesson"], "object_id": "23", "object_repr": "Quizzes - OOPs In Python", "action_flag": 1, "change_message": "[{\"added\": {}}]"}}, {"model": "admin.logentry", "pk": 368, "fields": {"action_time": "2025-02-24T15:00:33.578Z", "user": ["Sharykhan"], "content_type": ["app", "quiz"], "object_id": "1", "object_repr": "Quiz object (1)", "action_flag": 1, "change_message": "[{\"added\": {}}]"}}, {"model": "admin.logentry", "pk": 369, "fields": {"action_time": "2025-02-24T15:06:28.585Z", "user": ["Sharykhan"], "content_type": ["app", "assignment"], "object_id": "1", "object_repr": "Assignment_1 - Python for Beginners (Full Course)", "action_flag": 1, "change_message": "[{\"added\": {}}]"}}, {"model": "admin.logentry", "pk": 370, "fields": {"action_time": "2025-02-24T15:56:48.037Z", "user": ["Sharykhan"], "content_type": ["app", "submission"], "object_id": "1", "object_repr": "Submission by Sharykhan for Assignment_1", "action_flag": 3, "change_message": ""}}, {"model": "admin.logentry", "pk": 371, "fields": {"action_time": "2025-02-24T17:04:33.474Z", "user": ["Sharykhan"], "content_type": ["app", "submission"], "object_id": "2", "object_repr": "Submission by Sharykhan for Assignment_1", "action_flag": 3, "change_message": ""}}, {"model": "admin.logentry", "pk": 372, "fields": {"action_time": "2025-02-24T17:44:32.582Z", "user": ["Sharykhan"], "content_type": ["app", "submission"], "object_id": "3", "object_repr": "Submission by Sharykhan for Assignment_1", "action_flag": 3, "change_message": ""}}, {"model": "admin.logentry", "pk": 373, "fields": {"action_time": "2025-02-24T17:50:59.627Z", "user": ["Sharykhan"], "content_type": ["app", "submission"], "object_id": "4", "object_repr": "Submission by Sharykhan for Assignment_1", "action_flag": 3, "change_message": ""}}, {"model": "admin.logentry", "pk": 374, "fields": {"action_time": "2025-02-24T17:54:51.586Z", "user": ["Sharykhan"], "content_type": ["app", "submission"], "object_id": "5", "object_repr": "Submission by Sharykhan for Assignment_1", "action_flag": 3, "change_message": ""}}, {"model": "admin.logentry", "pk": 375, "fields": {"action_time": "2025-02-24T18:05:00.703Z", "user": ["Sharykhan"], "content_type": ["app", "submission"], "object_id": "6", "object_repr": "Submission by Sharykhan for Assignment_1", "action_flag": 3, "change_message": ""}}, {"model": "admin.logentry", "pk": 376, "fields": {"action_time": "2025-02-25T03:25:33.573Z", "user": ["Sharykhan"], "content_type": ["app", "usercourse"], "object_id": "4", "object_repr": " - OOPs In Python", "action_flag": 3, "change_message": ""}}]
